match  newtuple (0, 5655, 3, 14) 
match  newtuple (0, 5655, 3, 14) 
match  newtuple (0, 5655, 3, 14) 
match  newtuple (0, 5089, 18, 8) 
match  newtuple (0, 5089, 18, 8) 
match  newtuple (0, 5089, 18, 8) 
match  newtuple (0, 5089, 18, 8) 
match  newtuple (0, 5089, 18, 8) 
match  newtuple (0, 5089, 18, 8) 
match  newtuple (0, 5089, 18, 8) 
match  newtuple (0, 5089, 18, 8) 
match  newtuple (0, 9842, 3, 2) 
match  newtuple (0, 9842, 3, 2) 
match  newtuple (0, 9842, 3, 2) 
match  newtuple (0, 9842, 3, 2) 
match  newtuple (0, 9842, 3, 2) 
match  newtuple (0, 9842, 3, 2) 
match  newtuple (0, 1938, 14, 1) 
match  newtuple (0, 1938, 14, 1) 
match  newtuple (0, 1938, 14, 1) 
match  newtuple (0, 1938, 14, 1) 
match  newtuple (0, 1938, 14, 1) 
match  newtuple (0, 1938, 14, 1) 
match  newtuple (0, 1938, 14, 1) 
match  newtuple (0, 18391, 9, 20) 
match  newtuple (0, 18391, 9, 20) 
match  newtuple (0, 18391, 9, 20) 
match  newtuple (0, 18391, 9, 20) 
match  newtuple (0, 18391, 9, 20) 
match  newtuple (0, 18391, 9, 20) 
match  newtuple (0, 18391, 9, 20) 
match  newtuple (0, 18391, 9, 20) 
match  newtuple (0, 8743, 2, 19) 
match  newtuple (0, 8743, 2, 19) 
match  newtuple (0, 8743, 2, 19) 
match  newtuple (0, 8743, 2, 19) 
match  newtuple (0, 8743, 2, 19) 
match  newtuple (0, 12667, 21, 6) 
match  newtuple (0, 12667, 21, 6) 
match  newtuple (0, 12667, 21, 6) 
match  newtuple (0, 12667, 21, 6) 
match  newtuple (0, 12667, 21, 6) 
match  newtuple (0, 12667, 21, 6) 
match  newtuple (0, 12667, 21, 6) 
match  newtuple (0, 7095, 6, 10) 
match  newtuple (0, 7095, 6, 10) 
match  newtuple (0, 7095, 6, 10) 
match  newtuple (0, 7095, 6, 10) 
match  newtuple (0, 7095, 6, 10) 
match  newtuple (0, 7095, 6, 10) 
match  newtuple (0, 14385, 7, 14) 
match  newtuple (0, 14385, 7, 14) 
match  newtuple (0, 14385, 7, 14) 
match  newtuple (0, 14385, 7, 14) 
match  newtuple (0, 14385, 7, 14) 
match  newtuple (0, 14385, 7, 14) 
match  newtuple (0, 14385, 7, 14) 
match  newtuple (0, 17495, 3, 19) 
match  newtuple (0, 17495, 3, 19) 
match  newtuple (0, 17495, 3, 19) 
match  newtuple (0, 17495, 3, 19) 
match  newtuple (0, 17495, 3, 19) 
match  newtuple (0, 17495, 3, 19) 
match  newtuple (0, 17495, 3, 19) 
match  newtuple (0, 17495, 3, 19) 
match  newtuple (0, 20150, 2, 6) 
match  newtuple (0, 20150, 2, 6) 
match  newtuple (0, 10290, 2, 9) 
match  newtuple (0, 10290, 2, 9) 
match  newtuple (0, 10290, 2, 9) 
match  newtuple (0, 10290, 2, 9) 
match  newtuple (0, 10290, 2, 9) 
match  newtuple (0, 10290, 2, 9) 
match  newtuple (0, 10290, 2, 9) 
match  newtuple (0, 10290, 2, 9) 
match  newtuple (0, 1856, 12, 6) 
match  newtuple (0, 1856, 12, 6) 
match  newtuple (0, 1856, 12, 6) 
match  newtuple (0, 1856, 12, 6) 
match  newtuple (0, 1856, 12, 6) 
match  newtuple (0, 1856, 12, 6) 
match  newtuple (0, 1856, 12, 6) 
match  newtuple (0, 1856, 12, 6) 
match  newtuple (0, 9709, 18, 13) 
match  newtuple (0, 9709, 18, 13) 
match  newtuple (0, 3019, 12, 14) 
match  newtuple (0, 3019, 12, 14) 
match  newtuple (0, 3019, 12, 14) 
match  newtuple (0, 3019, 12, 14) 
match  newtuple (0, 3019, 12, 14) 
match  newtuple (0, 3019, 12, 14) 
match  newtuple (0, 3019, 12, 14) 
match  newtuple (0, 596, 2, 16) 
match  newtuple (0, 596, 2, 16) 
match  newtuple (0, 596, 2, 16) 
match  newtuple (0, 596, 2, 16) 
match  newtuple (0, 596, 2, 16) 
match  newtuple (0, 596, 2, 16) 
match  newtuple (0, 596, 2, 16) 
match  newtuple (0, 596, 2, 16) 
match  newtuple (0, 2963, 13, 12) 
match  newtuple (0, 2963, 13, 12) 
match  newtuple (0, 2963, 13, 12) 
match  newtuple (0, 2963, 13, 12) 
match  newtuple (0, 2963, 13, 12) 
match  newtuple (0, 2963, 13, 12) 
match  newtuple (0, 2963, 13, 12) 
match  newtuple (0, 2963, 13, 12) 
match  newtuple (0, 16889, 18, 5) 
match  newtuple (0, 16889, 18, 5) 
match  newtuple (0, 16889, 18, 5) 
match  newtuple (0, 16889, 18, 5) 
match  newtuple (0, 16889, 18, 5) 
match  newtuple (0, 18, 1, 21) 
match  newtuple (0, 18, 1, 21) 
match  newtuple (0, 18, 1, 21) 
match  newtuple (0, 18, 1, 21) 
match  newtuple (0, 18, 1, 21) 
match  newtuple (0, 18, 1, 21) 
match  newtuple (0, 18, 1, 21) 
match  newtuple (0, 18, 1, 21) 
match  newtuple (0, 22107, 14, 8) 
match  newtuple (0, 21650, 11, 13) 
match  newtuple (0, 21650, 11, 13) 
match  newtuple (0, 21650, 11, 13) 
match  newtuple (0, 21650, 11, 13) 
match  newtuple (0, 21650, 11, 13) 
match  newtuple (0, 21650, 11, 13) 
match  newtuple (0, 21650, 11, 13) 
match  newtuple (0, 21650, 11, 13) 
match  newtuple (0, 20898, 4, 16) 
match  newtuple (0, 20898, 4, 16) 
match  newtuple (0, 20898, 4, 16) 
match  newtuple (0, 20898, 4, 16) 
match  newtuple (0, 20898, 4, 16) 
match  newtuple (0, 20898, 4, 16) 
match  newtuple (0, 20898, 4, 16) 
match  newtuple (0, 20898, 4, 16) 
match  newtuple (0, 1568, 5, 13) 
match  newtuple (0, 1568, 5, 13) 
match  newtuple (0, 1568, 5, 13) 
match  newtuple (0, 1568, 5, 13) 
match  newtuple (0, 1568, 5, 13) 
match  newtuple (0, 1568, 5, 13) 
match  newtuple (0, 1568, 5, 13) 
match  newtuple (0, 1568, 5, 13) 
match  newtuple (0, 6030, 11, 9) 
match  newtuple (0, 6030, 11, 9) 
match  newtuple (0, 6030, 11, 9) 
match  newtuple (0, 6030, 11, 9) 
match  newtuple (0, 6030, 11, 9) 
match  newtuple (0, 6030, 11, 9) 
match  newtuple (0, 23666, 17, 15) 
match  newtuple (0, 23666, 17, 15) 
match  newtuple (0, 23666, 17, 15) 
match  newtuple (0, 23666, 17, 15) 
match  newtuple (0, 23666, 17, 15) 
match  newtuple (0, 23666, 17, 15) 
match  newtuple (0, 23666, 17, 15) 
match  newtuple (0, 19014, 18, 19) 
match  newtuple (0, 19014, 18, 19) 
match  newtuple (0, 19014, 18, 19) 
match  newtuple (0, 19014, 18, 19) 
match  newtuple (0, 19014, 18, 19) 
match  newtuple (0, 19014, 18, 19) 
match  newtuple (0, 19014, 18, 19) 
match  newtuple (0, 18391, 13, 20) 
match  newtuple (0, 18391, 13, 20) 
match  newtuple (0, 18391, 13, 20) 
match  newtuple (0, 18391, 13, 20) 
match  newtuple (0, 18391, 13, 20) 
match  newtuple (0, 18391, 13, 20) 
match  newtuple (0, 18391, 13, 20) 
match  newtuple (0, 18391, 13, 20) 
match  newtuple (0, 12919, 19, 14) 
match  newtuple (0, 12919, 19, 14) 
match  newtuple (0, 12919, 19, 14) 
match  newtuple (0, 12919, 19, 14) 
match  newtuple (0, 12919, 19, 14) 
match  newtuple (0, 12919, 19, 14) 
match  newtuple (0, 12919, 19, 14) 
match  newtuple (0, 12919, 19, 14) 
match  newtuple (0, 4345, 12, 10) 
match  newtuple (0, 4345, 12, 10) 
match  newtuple (0, 4345, 12, 10) 
match  newtuple (0, 4345, 12, 10) 
match  newtuple (0, 4345, 12, 10) 
match  newtuple (0, 3483, 2, 8) 
match  newtuple (0, 3483, 2, 8) 
match  newtuple (0, 3483, 2, 8) 
match  newtuple (0, 3483, 2, 8) 
match  newtuple (0, 3483, 2, 8) 
match  newtuple (0, 3483, 2, 8) 
match  newtuple (0, 3483, 2, 8) 
match  newtuple (0, 3483, 2, 8) 
match  newtuple (0, 18468, 19, 12) 
match  newtuple (0, 18468, 19, 12) 
match  newtuple (0, 18468, 19, 12) 
match  newtuple (0, 18468, 19, 12) 
match  newtuple (0, 18468, 19, 12) 
match  newtuple (0, 18468, 19, 12) 
match  newtuple (0, 18468, 19, 12) 
match  newtuple (0, 18468, 19, 12) 
match  newtuple (0, 21262, 4, 2) 
match  newtuple (0, 21262, 4, 2) 
match  newtuple (0, 21262, 4, 2) 
match  newtuple (0, 21262, 4, 2) 
match  newtuple (0, 21262, 4, 2) 
match  newtuple (0, 21262, 4, 2) 
match  newtuple (0, 21262, 4, 2) 
match  newtuple (0, 14826, 19, 12) 
match  newtuple (0, 14826, 19, 12) 
match  newtuple (0, 14826, 19, 12) 
match  newtuple (0, 14826, 19, 12) 
match  newtuple (0, 14826, 19, 12) 
match  newtuple (0, 14826, 19, 12) 
match  newtuple (0, 14826, 19, 12) 
match  newtuple (0, 14826, 19, 12) 
match  newtuple (0, 15932, 17, 2) 
match  newtuple (0, 15932, 17, 2) 
match  newtuple (0, 15932, 17, 2) 
match  newtuple (0, 15932, 17, 2) 
match  newtuple (0, 15932, 17, 2) 
match  newtuple (0, 10732, 1, 16) 
match  newtuple (0, 10732, 1, 16) 
match  newtuple (0, 10732, 1, 16) 
match  newtuple (0, 10732, 1, 16) 
match  newtuple (0, 10732, 1, 16) 
match  newtuple (0, 10732, 1, 16) 
match  newtuple (0, 10732, 1, 16) 
match  newtuple (0, 10732, 1, 16) 
match  newtuple (0, 18731, 16, 12) 
match  newtuple (0, 18731, 16, 12) 
match  newtuple (0, 18731, 16, 12) 
match  newtuple (0, 18731, 16, 12) 
match  newtuple (0, 18731, 16, 12) 
match  newtuple (0, 11435, 18, 2) 
match  newtuple (0, 11435, 18, 2) 
match  newtuple (0, 11435, 18, 2) 
match  newtuple (0, 2239, 13, 10) 
match  newtuple (0, 2239, 13, 10) 
match  newtuple (0, 2239, 13, 10) 
match  newtuple (0, 2239, 13, 10) 
match  newtuple (0, 2239, 13, 10) 
match  newtuple (0, 2239, 13, 10) 
match  newtuple (0, 2239, 13, 10) 
match  newtuple (0, 2239, 13, 10) 
match  newtuple (0, 1006, 12, 1) 
match  newtuple (0, 11163, 13, 1) 
match  newtuple (0, 11163, 13, 1) 
match  newtuple (0, 11163, 13, 1) 
match  newtuple (0, 11163, 13, 1) 
match  newtuple (0, 11163, 13, 1) 
match  newtuple (0, 11163, 13, 1) 
match  newtuple (0, 11163, 13, 1) 
match  newtuple (0, 11163, 13, 1) 
match  newtuple (0, 11163, 10, 1) 
match  newtuple (0, 11163, 10, 1) 
match  newtuple (0, 11163, 10, 1) 
match  newtuple (0, 11163, 10, 1) 
match  newtuple (0, 11163, 10, 1) 
match  newtuple (0, 11163, 10, 1) 
match  newtuple (0, 11163, 10, 1) 
match  newtuple (0, 11163, 10, 1) 
match  newtuple (0, 13379, 21, 14) 
match  newtuple (0, 13379, 21, 14) 
match  newtuple (0, 13379, 21, 14) 
match  newtuple (0, 13379, 21, 14) 
match  newtuple (0, 13379, 21, 14) 
match  newtuple (0, 13379, 21, 14) 
match  newtuple (0, 13379, 21, 14) 
match  newtuple (0, 13379, 21, 14) 
match  newtuple (0, 2511, 20, 13) 
match  newtuple (0, 2511, 20, 13) 
match  newtuple (0, 2511, 20, 13) 
match  newtuple (0, 2511, 20, 13) 
match  newtuple (0, 2511, 20, 13) 
match  newtuple (0, 2511, 20, 13) 
match  newtuple (0, 2511, 20, 13) 
match  newtuple (0, 2511, 20, 13) 
match  newtuple (0, 21980, 15, 15) 
match  newtuple (0, 21980, 15, 15) 
match  newtuple (0, 21980, 15, 15) 
match  newtuple (0, 21980, 15, 15) 
match  newtuple (0, 21980, 15, 15) 
match  newtuple (0, 21980, 15, 15) 
match  newtuple (0, 21980, 15, 15) 
match  newtuple (0, 21204, 19, 14) 
match  newtuple (0, 21204, 19, 14) 
match  newtuple (0, 21204, 19, 14) 
match  newtuple (0, 21204, 19, 14) 
match  newtuple (0, 21204, 19, 14) 
match  newtuple (0, 21204, 19, 14) 
match  newtuple (0, 21204, 19, 14) 
match  newtuple (0, 21204, 19, 14) 
match  newtuple (0, 6700, 3, 4) 
match  newtuple (0, 6700, 3, 4) 
match  newtuple (0, 6700, 3, 4) 
match  newtuple (0, 8075, 18, 17) 
match  newtuple (0, 8075, 18, 17) 
match  newtuple (0, 8075, 18, 17) 
match  newtuple (0, 8075, 18, 17) 
match  newtuple (0, 8075, 18, 17) 
match  newtuple (0, 8075, 18, 17) 
match  newtuple (0, 8075, 18, 17) 
match  newtuple (0, 8075, 18, 17) 
match  newtuple (0, 12696, 14, 9) 
match  newtuple (0, 12696, 14, 9) 
match  newtuple (0, 12696, 14, 9) 
match  newtuple (0, 12696, 14, 9) 
match  newtuple (0, 12696, 14, 9) 
match  newtuple (0, 12696, 14, 9) 
match  newtuple (0, 12696, 14, 9) 
match  newtuple (0, 12696, 14, 9) 
match  newtuple (0, 12596, 18, 13) 
match  newtuple (0, 12596, 18, 13) 
match  newtuple (0, 12596, 18, 13) 
match  newtuple (0, 12596, 18, 13) 
match  newtuple (0, 12596, 18, 13) 
match  newtuple (0, 12596, 18, 13) 
match  newtuple (0, 12596, 18, 13) 
match  newtuple (0, 12596, 18, 13) 
match  newtuple (0, 1606, 20, 6) 
match  newtuple (0, 5970, 21, 17) 
match  newtuple (0, 5970, 21, 17) 
match  newtuple (0, 5970, 21, 17) 
match  newtuple (0, 5970, 21, 17) 
match  newtuple (0, 5970, 21, 17) 
match  newtuple (0, 5970, 21, 17) 
match  newtuple (0, 5970, 21, 17) 
match  newtuple (0, 12993, 7, 5) 
match  newtuple (0, 12993, 7, 14) 
match  newtuple (0, 12993, 7, 5) 
match  newtuple (0, 12993, 7, 5) 
match  newtuple (0, 12993, 7, 5) 
match  newtuple (0, 12993, 7, 5) 
match  newtuple (0, 12993, 7, 5) 
match  newtuple (0, 12993, 7, 5) 
match  newtuple (0, 12993, 7, 5) 
match  newtuple (0, 16011, 16, 2) 
match  newtuple (0, 16011, 16, 2) 
match  newtuple (0, 16011, 16, 2) 
match  newtuple (0, 16011, 16, 2) 
match  newtuple (0, 16011, 16, 2) 
match  newtuple (0, 16011, 16, 2) 
match  newtuple (0, 16011, 16, 2) 
match  newtuple (0, 429, 5, 4) 
match  newtuple (0, 429, 5, 4) 
match  newtuple (0, 429, 5, 4) 
match  newtuple (0, 429, 5, 4) 
match  newtuple (0, 429, 5, 4) 
match  newtuple (0, 429, 5, 4) 
match  newtuple (0, 15024, 18, 1) 
match  newtuple (0, 15024, 18, 1) 
match  newtuple (0, 15024, 18, 1) 
match  newtuple (0, 15024, 18, 1) 
match  newtuple (0, 15024, 18, 1) 
match  newtuple (0, 15024, 18, 1) 
match  newtuple (0, 15024, 18, 1) 
match  newtuple (0, 15024, 18, 1) 
match  newtuple (0, 4994, 11, 9) 
match  newtuple (0, 4994, 11, 9) 
match  newtuple (0, 4994, 11, 9) 
match  newtuple (0, 20254, 4, 20) 
match  newtuple (0, 20254, 4, 20) 
match  newtuple (0, 20254, 4, 20) 
match  newtuple (0, 20254, 4, 20) 
match  newtuple (0, 20254, 4, 20) 
match  newtuple (0, 20254, 4, 20) 
match  newtuple (0, 20254, 4, 20) 
match  newtuple (0, 20254, 4, 20) 
match  newtuple (0, 22371, 9, 1) 
match  newtuple (0, 22371, 9, 1) 
match  newtuple (0, 22371, 9, 1) 
match  newtuple (0, 22371, 9, 1) 
match  newtuple (0, 22371, 9, 1) 
match  newtuple (0, 22371, 9, 1) 
match  newtuple (0, 22371, 9, 1) 
match  newtuple (0, 18302, 3, 21) 
match  newtuple (0, 18302, 3, 21) 
match  newtuple (0, 18302, 3, 21) 
match  newtuple (0, 18302, 3, 21) 
match  newtuple (0, 18302, 3, 21) 
match  newtuple (0, 18302, 3, 21) 
match  newtuple (0, 18302, 3, 21) 
match  newtuple (0, 18302, 3, 21) 
match  newtuple (0, 5053, 11, 4) 
match  newtuple (0, 5053, 11, 4) 
match  newtuple (0, 5053, 11, 4) 
match  newtuple (0, 23239, 16, 20) 
match  newtuple (0, 23239, 16, 20) 
match  newtuple (0, 23239, 16, 20) 
match  newtuple (0, 23239, 16, 20) 
match  newtuple (0, 23239, 16, 20) 
match  newtuple (0, 23239, 16, 20) 
match  newtuple (0, 23239, 16, 20) 
match  newtuple (0, 23239, 16, 20) 
match  newtuple (0, 13406, 10, 11) 
match  newtuple (0, 13406, 10, 11) 
match  newtuple (0, 13406, 10, 11) 
match  newtuple (0, 13406, 10, 11) 
match  newtuple (0, 13406, 10, 11) 
match  newtuple (0, 13406, 10, 11) 
match  newtuple (0, 13406, 10, 11) 
match  newtuple (0, 13406, 10, 11) 
match  newtuple (0, 270, 9, 2) 
match  newtuple (0, 270, 9, 2) 
match  newtuple (0, 270, 9, 2) 
match  newtuple (0, 270, 9, 2) 
match  newtuple (0, 270, 9, 2) 
match  newtuple (0, 270, 9, 2) 
match  newtuple (0, 270, 9, 2) 
match  newtuple (0, 270, 9, 2) 
match  newtuple (0, 15024, 5, 1) 
match  newtuple (0, 15024, 5, 1) 
match  newtuple (0, 15024, 5, 1) 
match  newtuple (0, 15024, 5, 1) 
match  newtuple (0, 15024, 5, 1) 
match  newtuple (0, 15024, 5, 1) 
match  newtuple (0, 15024, 5, 1) 
match  newtuple (0, 15024, 5, 1) 
match  newtuple (0, 22473, 14, 15) 
match  newtuple (0, 22473, 14, 15) 
match  newtuple (0, 6223, 11, 20) 
match  newtuple (0, 6223, 11, 20) 
match  newtuple (0, 6223, 11, 20) 
match  newtuple (0, 6223, 11, 20) 
match  newtuple (0, 6223, 11, 20) 
match  newtuple (0, 6223, 11, 20) 
match  newtuple (0, 14434, 8, 16) 
match  newtuple (0, 14434, 8, 16) 
match  newtuple (0, 14434, 8, 16) 
match  newtuple (0, 14434, 8, 16) 
match  newtuple (0, 14434, 8, 16) 
match  newtuple (0, 14434, 8, 16) 
match  newtuple (0, 14434, 8, 16) 
match  newtuple (0, 14434, 8, 16) 
match  newtuple (0, 4338, 19, 10) 
match  newtuple (0, 4338, 19, 10) 
match  newtuple (0, 866, 1, 12) 
match  newtuple (0, 866, 1, 12) 
match  newtuple (0, 866, 1, 12) 
match  newtuple (0, 866, 1, 12) 
match  newtuple (0, 866, 1, 12) 
match  newtuple (0, 866, 1, 12) 
match  newtuple (0, 866, 1, 12) 
match  newtuple (0, 23601, 6, 5) 
match  newtuple (0, 23601, 6, 5) 
match  newtuple (0, 23601, 6, 5) 
match  newtuple (0, 23601, 6, 5) 
match  newtuple (0, 23601, 6, 5) 
match  newtuple (0, 23601, 6, 5) 
match  newtuple (0, 9661, 6, 13) 
match  newtuple (0, 9661, 6, 13) 
match  newtuple (0, 9661, 6, 13) 
match  newtuple (0, 9661, 6, 13) 
match  newtuple (0, 9661, 6, 13) 
match  newtuple (0, 9661, 6, 13) 
match  newtuple (0, 9661, 6, 13) 
match  newtuple (0, 9661, 6, 13) 
match  newtuple (0, 7037, 14, 14) 
match  newtuple (0, 7037, 14, 14) 
match  newtuple (0, 7037, 14, 14) 
match  newtuple (0, 7037, 14, 14) 
match  newtuple (0, 7037, 14, 14) 
match  newtuple (0, 7037, 14, 14) 
match  newtuple (0, 7037, 14, 14) 
match  newtuple (0, 7037, 14, 14) 
match  newtuple (0, 8530, 11, 1) 
match  newtuple (0, 8530, 11, 1) 
match  newtuple (0, 8530, 11, 1) 
match  newtuple (0, 8530, 11, 1) 
match  newtuple (0, 1617, 2, 2) 
match  newtuple (0, 1617, 2, 2) 
match  newtuple (0, 1617, 2, 2) 
match  newtuple (0, 1617, 2, 2) 
match  newtuple (0, 1617, 2, 2) 
match  newtuple (0, 1617, 2, 2) 
match  newtuple (0, 6030, 15, 9) 
match  newtuple (0, 6030, 15, 9) 
match  newtuple (0, 6030, 15, 9) 
match  newtuple (0, 6030, 15, 9) 
match  newtuple (0, 6030, 15, 9) 
match  newtuple (0, 6030, 15, 9) 
match  newtuple (0, 9640, 19, 14) 
match  newtuple (0, 9640, 19, 14) 
match  newtuple (0, 9640, 19, 14) 
match  newtuple (0, 9640, 19, 14) 
match  newtuple (0, 9640, 19, 14) 
match  newtuple (0, 9640, 19, 14) 
match  newtuple (0, 9640, 19, 14) 
match  newtuple (0, 9640, 19, 14) 
match  newtuple (0, 18391, 9, 20) 
match  newtuple (0, 18391, 9, 20) 
match  newtuple (0, 18391, 9, 20) 
match  newtuple (0, 18391, 9, 20) 
match  newtuple (0, 18391, 9, 20) 
match  newtuple (0, 18391, 9, 20) 
match  newtuple (0, 18391, 9, 20) 
match  newtuple (0, 18391, 9, 20) 
match  newtuple (0, 21415, 10, 15) 
match  newtuple (0, 21415, 10, 15) 
match  newtuple (0, 21415, 10, 15) 
match  newtuple (0, 21415, 10, 15) 
match  newtuple (0, 21415, 10, 15) 
match  newtuple (0, 21415, 10, 15) 
match  newtuple (0, 21415, 10, 15) 
match  newtuple (0, 21415, 10, 15) 
match  newtuple (0, 5421, 8, 9) 
match  newtuple (0, 5421, 8, 9) 
match  newtuple (0, 5421, 8, 9) 
match  newtuple (0, 5421, 8, 9) 
match  newtuple (0, 5421, 8, 9) 
match  newtuple (0, 5421, 8, 9) 
match  newtuple (0, 5421, 8, 9) 
match  newtuple (0, 5421, 8, 9) 
match  newtuple (0, 2106, 14, 11) 
match  newtuple (0, 2106, 14, 11) 
match  newtuple (0, 2106, 14, 11) 
match  newtuple (0, 2106, 14, 11) 
match  newtuple (0, 2106, 14, 11) 
match  newtuple (0, 2106, 14, 11) 
match  newtuple (0, 2106, 14, 11) 
match  newtuple (0, 2106, 14, 11) 
match  newtuple (0, 18255, 13, 13) 
match  newtuple (0, 18255, 13, 13) 
match  newtuple (0, 18255, 13, 13) 
match  newtuple (0, 18255, 13, 13) 
match  newtuple (0, 18255, 13, 13) 
match  newtuple (0, 18255, 13, 13) 
match  newtuple (0, 18255, 13, 13) 
match  newtuple (0, 16070, 15, 21) 
match  newtuple (0, 16070, 15, 21) 
match  newtuple (0, 16070, 15, 21) 
match  newtuple (0, 16070, 15, 21) 
match  newtuple (0, 16070, 15, 21) 
match  newtuple (0, 16070, 15, 21) 
match  newtuple (0, 16070, 15, 21) 
match  newtuple (0, 16070, 15, 21) 
match  newtuple (0, 15597, 12, 5) 
match  newtuple (0, 15597, 12, 5) 
match  newtuple (0, 15597, 12, 5) 
match  newtuple (0, 15597, 12, 5) 
match  newtuple (0, 15597, 12, 5) 
match  newtuple (0, 15597, 12, 5) 
match  newtuple (0, 15597, 12, 5) 
match  newtuple (0, 10656, 14, 21) 
match  newtuple (0, 10656, 14, 21) 
match  newtuple (0, 10656, 14, 21) 
match  newtuple (0, 10656, 14, 21) 
match  newtuple (0, 10656, 14, 21) 
match  newtuple (0, 10656, 14, 21) 
match  newtuple (0, 10656, 14, 21) 
match  newtuple (0, 10656, 14, 21) 
match  newtuple (0, 21750, 13, 6) 
match  newtuple (0, 21750, 13, 6) 
match  newtuple (0, 21750, 13, 6) 
match  newtuple (0, 21750, 13, 6) 
match  newtuple (0, 21750, 13, 6) 
match  newtuple (0, 21750, 13, 6) 
match  newtuple (0, 21750, 13, 6) 
match  newtuple (0, 21750, 13, 6) 
match  newtuple (0, 11393, 7, 5) 
match  newtuple (0, 11393, 7, 5) 
match  newtuple (0, 11393, 7, 5) 
match  newtuple (0, 11393, 7, 5) 
match  newtuple (0, 11393, 7, 5) 
match  newtuple (0, 11393, 7, 5) 
match  newtuple (0, 11393, 7, 5) 
match  newtuple (0, 11393, 7, 5) 
match  newtuple (0, 12117, 21, 3) 
match  newtuple (0, 12117, 21, 3) 
match  newtuple (0, 12117, 21, 3) 
match  newtuple (0, 12117, 21, 3) 
match  newtuple (0, 12117, 21, 3) 
match  newtuple (0, 12117, 21, 3) 
match  newtuple (0, 12117, 21, 3) 
match  newtuple (0, 12117, 21, 3) 
match  newtuple (0, 18033, 13, 13) 
match  newtuple (0, 18033, 13, 13) 
match  newtuple (0, 18033, 13, 13) 
match  newtuple (0, 18033, 13, 13) 
match  newtuple (0, 18033, 13, 13) 
match  newtuple (0, 18033, 13, 13) 
match  newtuple (0, 18033, 13, 13) 
match  newtuple (0, 18033, 13, 13) 
match  newtuple (0, 4722, 3, 8) 
match  newtuple (0, 4722, 3, 8) 
match  newtuple (0, 4722, 3, 8) 
match  newtuple (0, 4722, 3, 8) 
match  newtuple (0, 4722, 3, 8) 
match  newtuple (0, 4722, 3, 8) 
match  newtuple (0, 4722, 3, 8) 
match  newtuple (0, 4722, 3, 8) 
match  newtuple (0, 16858, 10, 18) 
match  newtuple (0, 16858, 10, 18) 
match  newtuple (0, 16858, 10, 18) 
match  newtuple (0, 16858, 10, 18) 
match  newtuple (0, 16858, 10, 8) 
match  newtuple (0, 16858, 10, 18) 
match  newtuple (0, 16858, 10, 8) 
match  newtuple (0, 16858, 10, 18) 
match  newtuple (0, 16858, 10, 8) 
match  newtuple (0, 16858, 10, 18) 
match  newtuple (0, 16858, 10, 8) 
match  newtuple (0, 17338, 19, 3) 
match  newtuple (0, 17338, 19, 3) 
match  newtuple (0, 17338, 19, 3) 
match  newtuple (0, 17338, 19, 3) 
match  newtuple (0, 17338, 19, 3) 
match  newtuple (0, 17338, 19, 3) 
match  newtuple (0, 17338, 19, 3) 
match  newtuple (0, 17338, 19, 3) 
match  newtuple (0, 6784, 21, 21) 
match  newtuple (0, 6784, 21, 21) 
match  newtuple (0, 6784, 21, 21) 
match  newtuple (0, 6784, 21, 21) 
match  newtuple (0, 6784, 21, 21) 
match  newtuple (0, 6784, 21, 21) 
match  newtuple (0, 6784, 21, 21) 
match  newtuple (0, 6784, 21, 21) 
match  newtuple (0, 6784, 21, 21) 
match  newtuple (0, 6784, 21, 21) 
match  newtuple (0, 6784, 21, 21) 
match  newtuple (0, 6784, 21, 21) 
match  newtuple (0, 6784, 21, 21) 
match  newtuple (0, 13406, 3, 11) 
match  newtuple (0, 13406, 3, 11) 
match  newtuple (0, 13406, 3, 11) 
match  newtuple (0, 13406, 3, 11) 
match  newtuple (0, 13406, 3, 11) 
match  newtuple (0, 13406, 3, 11) 
match  newtuple (0, 13406, 3, 11) 
match  newtuple (0, 13406, 3, 11) 
match  newtuple (0, 6343, 9, 18) 
match  newtuple (0, 6343, 9, 18) 
match  newtuple (0, 6343, 9, 18) 
match  newtuple (0, 6343, 9, 18) 
match  newtuple (0, 6343, 9, 18) 
match  newtuple (0, 6343, 9, 18) 
match  newtuple (0, 6343, 9, 18) 
match  newtuple (0, 6343, 9, 18) 
match  newtuple (0, 12022, 1, 3) 
match  newtuple (0, 7925, 15, 3) 
match  newtuple (0, 7925, 15, 3) 
match  newtuple (0, 7925, 15, 3) 
match  newtuple (0, 7925, 15, 3) 
match  newtuple (0, 7925, 15, 3) 
match  newtuple (0, 7925, 15, 3) 
match  newtuple (0, 7925, 15, 3) 
match  newtuple (0, 7925, 15, 3) 
match  newtuple (0, 20099, 9, 1) 
match  newtuple (0, 20099, 9, 1) 
match  newtuple (0, 20099, 9, 1) 
match  newtuple (0, 20099, 9, 1) 
match  newtuple (0, 20099, 9, 1) 
match  newtuple (0, 20099, 9, 1) 
match  newtuple (0, 8743, 4, 19) 
match  newtuple (0, 8743, 4, 19) 
match  newtuple (0, 8743, 4, 19) 
match  newtuple (0, 8743, 4, 19) 
match  newtuple (0, 8743, 4, 19) 
match  newtuple (0, 3982, 12, 10) 
match  newtuple (0, 3982, 12, 10) 
match  newtuple (0, 3982, 12, 10) 
match  newtuple (0, 3982, 12, 10) 
match  newtuple (0, 3982, 12, 10) 
match  newtuple (0, 3982, 12, 10) 
match  newtuple (0, 3982, 12, 10) 
match  newtuple (0, 3982, 12, 10) 
match  newtuple (0, 6606, 20, 5) 
match  newtuple (0, 6606, 20, 5) 
match  newtuple (0, 6606, 20, 5) 
match  newtuple (0, 6606, 20, 5) 
match  newtuple (0, 6606, 20, 5) 
match  newtuple (0, 6606, 20, 5) 
match  newtuple (0, 6606, 20, 5) 
match  newtuple (0, 17352, 13, 2) 
match  newtuple (0, 17352, 13, 2) 
match  newtuple (0, 17352, 13, 2) 
match  newtuple (0, 17352, 13, 2) 
match  newtuple (0, 17352, 13, 2) 
match  newtuple (0, 17352, 13, 2) 
match  newtuple (0, 17352, 13, 2) 
match  newtuple (0, 4716, 8, 3) 
match  newtuple (0, 4716, 8, 3) 
match  newtuple (0, 18643, 6, 3) 
match  newtuple (0, 18643, 6, 3) 
match  newtuple (0, 18643, 6, 3) 
match  newtuple (0, 18643, 6, 3) 
match  newtuple (0, 18643, 6, 3) 
match  newtuple (0, 18643, 6, 3) 
match  newtuple (0, 18643, 6, 3) 
match  newtuple (0, 18643, 6, 3) 
match  newtuple (0, 9861, 5, 7) 
match  newtuple (0, 9861, 5, 7) 
match  newtuple (0, 9861, 5, 7) 
match  newtuple (0, 9861, 5, 7) 
match  newtuple (0, 13329, 21, 12) 
match  newtuple (0, 13329, 21, 12) 
match  newtuple (0, 13329, 21, 12) 
match  newtuple (0, 13329, 21, 12) 
match  newtuple (0, 13329, 21, 12) 
match  newtuple (0, 13329, 21, 12) 
match  newtuple (0, 13329, 21, 12) 
match  newtuple (0, 13329, 21, 12) 
match  newtuple (0, 13937, 21, 13) 
match  newtuple (0, 34, 13, 18) 
match  newtuple (0, 34, 13, 18) 
match  newtuple (0, 34, 13, 18) 
match  newtuple (0, 34, 13, 18) 
match  newtuple (0, 34, 13, 18) 
match  newtuple (0, 34, 13, 18) 
match  newtuple (0, 34, 13, 18) 
match  newtuple (0, 34, 13, 18) 
match  newtuple (0, 6601, 3, 14) 
match  newtuple (0, 6601, 3, 14) 
match  newtuple (0, 6601, 3, 14) 
match  newtuple (0, 6601, 3, 14) 
match  newtuple (0, 1489, 2, 12) 
match  newtuple (0, 1489, 2, 12) 
match  newtuple (0, 1489, 2, 12) 
match  newtuple (0, 1489, 2, 12) 
match  newtuple (0, 1489, 2, 12) 
match  newtuple (0, 1489, 2, 12) 
match  newtuple (0, 1489, 2, 12) 
match  newtuple (0, 10577, 3, 3) 
match  newtuple (0, 10577, 3, 3) 
match  newtuple (0, 10577, 3, 3) 
match  newtuple (0, 10577, 3, 3) 
match  newtuple (0, 10577, 3, 3) 
match  newtuple (0, 10577, 3, 3) 
match  newtuple (0, 10577, 3, 3) 
match  newtuple (0, 6593, 16, 17) 
match  newtuple (0, 6593, 16, 17) 
match  newtuple (0, 6593, 16, 17) 
match  newtuple (0, 6593, 16, 17) 
match  newtuple (0, 6593, 16, 17) 
match  newtuple (0, 6593, 16, 17) 
match  newtuple (0, 19447, 5, 17) 
match  newtuple (0, 19447, 5, 17) 
match  newtuple (0, 19447, 5, 17) 
match  newtuple (0, 19447, 5, 17) 
match  newtuple (0, 19447, 5, 17) 
match  newtuple (0, 19447, 5, 17) 
match  newtuple (0, 19447, 5, 17) 
match  newtuple (0, 19447, 5, 17) 
match  newtuple (0, 23740, 10, 16) 
match  newtuple (0, 23740, 10, 16) 
match  newtuple (0, 23740, 10, 16) 
match  newtuple (0, 23740, 10, 16) 
match  newtuple (0, 23740, 10, 16) 
match  newtuple (0, 23740, 10, 16) 
match  newtuple (0, 23740, 10, 16) 
match  newtuple (0, 23740, 10, 16) 
match  newtuple (0, 21361, 6, 2) 
match  newtuple (0, 21361, 6, 2) 
match  newtuple (0, 21361, 6, 2) 
match  newtuple (0, 21361, 6, 2) 
match  newtuple (0, 21361, 6, 2) 
match  newtuple (0, 21361, 6, 2) 
match  newtuple (0, 21361, 6, 2) 
match  newtuple (0, 16911, 13, 8) 
match  newtuple (0, 16911, 13, 8) 
match  newtuple (0, 16911, 13, 8) 
match  newtuple (0, 16911, 13, 8) 
match  newtuple (0, 16911, 13, 8) 
match  newtuple (0, 16911, 13, 8) 
match  newtuple (0, 16911, 13, 8) 
match  newtuple (0, 16911, 13, 8) 
match  newtuple (0, 17101, 19, 8) 
match  newtuple (0, 17101, 19, 8) 
match  newtuple (0, 17101, 19, 8) 
match  newtuple (0, 17101, 19, 8) 
match  newtuple (0, 5679, 16, 7) 
match  newtuple (0, 5679, 16, 7) 
match  newtuple (0, 5679, 16, 7) 
match  newtuple (0, 5679, 16, 7) 
match  newtuple (0, 5679, 16, 7) 
match  newtuple (0, 5679, 16, 7) 
match  newtuple (0, 5679, 16, 7) 
match  newtuple (0, 5679, 16, 7) 
match  newtuple (0, 17958, 3, 18) 
match  newtuple (0, 17958, 3, 18) 
match  newtuple (0, 17958, 3, 18) 
match  newtuple (0, 17958, 3, 18) 
match  newtuple (0, 17958, 3, 18) 
match  newtuple (0, 17958, 3, 18) 
match  newtuple (0, 17958, 3, 18) 
match  newtuple (0, 17958, 3, 18) 
match  newtuple (0, 21457, 21, 2) 
match  newtuple (0, 21457, 21, 2) 
match  newtuple (0, 21457, 21, 2) 
match  newtuple (0, 21457, 21, 2) 
match  newtuple (0, 21457, 21, 2) 
match  newtuple (0, 21457, 21, 2) 
match  newtuple (0, 21457, 21, 2) 
match  newtuple (0, 6726, 1, 14) 
match  newtuple (0, 6726, 1, 14) 
match  newtuple (0, 6726, 1, 14) 
match  newtuple (0, 6726, 1, 14) 
match  newtuple (0, 6726, 1, 14) 
match  newtuple (0, 6726, 1, 14) 
match  newtuple (0, 6726, 1, 14) 
match  newtuple (0, 6726, 1, 14) 
match  newtuple (0, 9295, 5, 16) 
match  newtuple (0, 9295, 5, 16) 
match  newtuple (0, 9295, 5, 16) 
match  newtuple (0, 9295, 5, 16) 
match  newtuple (0, 9295, 5, 16) 
match  newtuple (0, 9295, 5, 16) 
match  newtuple (0, 9295, 5, 16) 
match  newtuple (0, 9295, 5, 16) 
match  newtuple (0, 1937, 8, 14) 
match  newtuple (0, 1937, 8, 14) 
match  newtuple (0, 1937, 8, 14) 
match  newtuple (0, 1937, 8, 14) 
match  newtuple (0, 13819, 8, 18) 
match  newtuple (0, 13819, 8, 18) 
match  newtuple (0, 13819, 8, 18) 
match  newtuple (0, 13819, 8, 18) 
match  newtuple (0, 13819, 8, 18) 
match  newtuple (0, 13819, 8, 18) 
match  newtuple (0, 13819, 8, 18) 
match  newtuple (0, 13819, 8, 18) 
match  newtuple (0, 13848, 10, 13) 
match  newtuple (0, 13848, 10, 13) 
match  newtuple (0, 13848, 10, 13) 
match  newtuple (0, 13848, 10, 13) 
match  newtuple (0, 13848, 10, 13) 
match  newtuple (0, 13848, 10, 13) 
match  newtuple (0, 13848, 10, 13) 
match  newtuple (0, 24116, 10, 15) 
match  newtuple (0, 24116, 10, 15) 
match  newtuple (0, 24116, 10, 15) 
match  newtuple (0, 24116, 10, 15) 
match  newtuple (0, 24116, 10, 15) 
match  newtuple (0, 24116, 10, 15) 
match  newtuple (0, 24116, 10, 15) 
match  newtuple (0, 8424, 21, 15) 
match  newtuple (0, 8424, 21, 15) 
match  newtuple (0, 8424, 21, 15) 
match  newtuple (0, 8424, 21, 15) 
match  newtuple (0, 8424, 21, 15) 
match  newtuple (0, 8424, 21, 15) 
match  newtuple (0, 8424, 21, 15) 
match  newtuple (0, 12703, 3, 11) 
match  newtuple (0, 12703, 3, 11) 
match  newtuple (0, 12703, 3, 11) 
match  newtuple (0, 12703, 3, 11) 
match  newtuple (0, 12703, 3, 11) 
match  newtuple (0, 12703, 3, 11) 
match  newtuple (0, 12703, 3, 11) 
match  newtuple (0, 12703, 3, 11) 
match  newtuple (0, 12922, 2, 21) 
match  newtuple (0, 12922, 2, 21) 
match  newtuple (0, 12922, 2, 21) 
match  newtuple (0, 12922, 2, 21) 
match  newtuple (0, 12922, 2, 21) 
match  newtuple (0, 12922, 2, 21) 
match  newtuple (0, 12922, 2, 21) 
match  newtuple (0, 12922, 2, 21) 
match  newtuple (0, 15527, 8, 17) 
match  newtuple (0, 15527, 8, 17) 
match  newtuple (0, 15527, 8, 17) 
match  newtuple (0, 15527, 8, 17) 
match  newtuple (0, 15527, 8, 17) 
match  newtuple (0, 15527, 8, 17) 
match  newtuple (0, 24636, 16, 11) 
match  newtuple (0, 24636, 16, 11) 
match  newtuple (0, 24636, 16, 11) 
match  newtuple (0, 24636, 16, 11) 
match  newtuple (0, 24636, 16, 11) 
match  newtuple (0, 24636, 16, 11) 
match  newtuple (0, 24636, 16, 11) 
match  newtuple (0, 16683, 21, 7) 
match  newtuple (0, 16683, 21, 7) 
match  newtuple (0, 13542, 21, 10) 
match  newtuple (0, 13542, 21, 10) 
match  newtuple (0, 13542, 21, 10) 
match  newtuple (0, 13542, 21, 10) 
match  newtuple (0, 13542, 21, 10) 
match  newtuple (0, 13542, 21, 10) 
match  newtuple (0, 13542, 21, 10) 
match  newtuple (0, 13542, 21, 10) 
match  newtuple (0, 4338, 7, 10) 
match  newtuple (0, 4338, 7, 10) 
match  newtuple (0, 1032, 11, 19) 
match  newtuple (0, 1032, 11, 19) 
match  newtuple (0, 1032, 11, 19) 
match  newtuple (0, 1032, 11, 19) 
match  newtuple (0, 1032, 11, 19) 
match  newtuple (0, 1032, 11, 19) 
match  newtuple (0, 1032, 11, 19) 
match  newtuple (0, 13879, 17, 21) 
match  newtuple (0, 13879, 17, 21) 
match  newtuple (0, 13879, 17, 21) 
match  newtuple (0, 13879, 17, 21) 
match  newtuple (0, 13879, 17, 21) 
match  newtuple (0, 13879, 17, 21) 
match  newtuple (0, 13879, 17, 21) 
match  newtuple (0, 13879, 17, 21) 
match  newtuple (0, 2782, 5, 4) 
match  newtuple (0, 2782, 5, 4) 
match  newtuple (0, 2782, 5, 4) 
match  newtuple (0, 2782, 5, 4) 
match  newtuple (0, 2782, 5, 4) 
match  newtuple (0, 2782, 5, 4) 
match  newtuple (0, 2782, 5, 4) 
match  newtuple (0, 2782, 5, 4) 
match  newtuple (0, 7095, 1, 10) 
match  newtuple (0, 7095, 1, 10) 
match  newtuple (0, 7095, 1, 10) 
match  newtuple (0, 7095, 1, 10) 
match  newtuple (0, 7095, 1, 10) 
match  newtuple (0, 7095, 1, 10) 
match  newtuple (0, 4238, 7, 12) 
match  newtuple (0, 4238, 7, 12) 
match  newtuple (0, 4238, 7, 12) 
match  newtuple (0, 4238, 7, 12) 
match  newtuple (0, 4238, 7, 12) 
match  newtuple (0, 4238, 7, 12) 
match  newtuple (0, 4238, 7, 12) 
match  newtuple (0, 4238, 7, 12) 
match  newtuple (0, 1617, 15, 2) 
match  newtuple (0, 1617, 15, 2) 
match  newtuple (0, 1617, 15, 2) 
match  newtuple (0, 1617, 15, 2) 
match  newtuple (0, 1617, 15, 2) 
match  newtuple (0, 1617, 15, 2) 
match  newtuple (0, 24689, 12, 12) 
match  newtuple (0, 24689, 12, 12) 
match  newtuple (0, 24689, 12, 12) 
match  newtuple (0, 24689, 12, 12) 
match  newtuple (0, 24689, 12, 12) 
match  newtuple (0, 24689, 12, 12) 
match  newtuple (0, 24689, 12, 12) 
match  newtuple (0, 24689, 12, 12) 
match  newtuple (0, 13354, 21, 2) 
match  newtuple (0, 13354, 21, 2) 
match  newtuple (0, 13354, 21, 2) 
match  newtuple (0, 13354, 21, 2) 
match  newtuple (0, 13354, 21, 2) 
match  newtuple (0, 13354, 21, 2) 
match  newtuple (0, 13354, 21, 2) 
match  newtuple (0, 13354, 21, 2) 
match  newtuple (0, 18604, 1, 14) 
match  newtuple (0, 18604, 1, 14) 
match  newtuple (0, 18604, 1, 14) 
match  newtuple (0, 18604, 1, 14) 
match  newtuple (0, 18604, 1, 14) 
match  newtuple (0, 18604, 1, 14) 
match  newtuple (0, 18604, 1, 14) 
match  newtuple (0, 18604, 1, 14) 
match  newtuple (0, 8991, 10, 5) 
match  newtuple (0, 8991, 10, 5) 
match  newtuple (0, 11560, 12, 7) 
match  newtuple (0, 11560, 12, 7) 
match  newtuple (0, 11560, 12, 7) 
match  newtuple (0, 11560, 12, 7) 
match  newtuple (0, 11560, 12, 7) 
match  newtuple (0, 11560, 12, 7) 
match  newtuple (0, 11560, 12, 7) 
match  newtuple (0, 11560, 12, 7) 
match  newtuple (0, 17101, 11, 8) 
match  newtuple (0, 17101, 11, 8) 
match  newtuple (0, 17101, 11, 8) 
match  newtuple (0, 17101, 11, 8) 
match  newtuple (0, 7572, 21, 16) 
match  newtuple (0, 15434, 18, 11) 
match  newtuple (0, 15434, 18, 11) 
match  newtuple (0, 15434, 18, 11) 
match  newtuple (0, 15434, 18, 11) 
match  newtuple (0, 15434, 18, 11) 
match  newtuple (0, 8341, 4, 18) 
match  newtuple (0, 8341, 4, 18) 
match  newtuple (0, 8341, 4, 18) 
match  newtuple (0, 8341, 4, 18) 
match  newtuple (0, 8341, 4, 18) 
match  newtuple (0, 8341, 4, 18) 
match  newtuple (0, 8341, 4, 18) 
match  newtuple (0, 8341, 4, 18) 
match  newtuple (0, 5963, 14, 12) 
match  newtuple (0, 5963, 14, 12) 
match  newtuple (0, 5963, 14, 12) 
match  newtuple (0, 5963, 14, 12) 
match  newtuple (0, 5963, 14, 12) 
match  newtuple (0, 5963, 14, 12) 
match  newtuple (0, 5963, 14, 12) 
match  newtuple (0, 12258, 4, 2) 
match  newtuple (0, 12258, 4, 2) 
match  newtuple (0, 12258, 4, 2) 
match  newtuple (0, 12258, 4, 2) 
match  newtuple (0, 12258, 4, 2) 
match  newtuple (0, 12258, 4, 2) 
match  newtuple (0, 12258, 4, 2) 
match  newtuple (0, 7903, 3, 4) 
match  newtuple (0, 7903, 3, 4) 
match  newtuple (0, 7903, 3, 4) 
match  newtuple (0, 7903, 3, 4) 
match  newtuple (0, 2121, 17, 21) 
match  newtuple (0, 2121, 17, 21) 
match  newtuple (0, 2121, 17, 21) 
match  newtuple (0, 2121, 17, 21) 
match  newtuple (0, 2121, 17, 21) 
match  newtuple (0, 2121, 17, 21) 
match  newtuple (0, 2121, 17, 21) 
match  newtuple (0, 2121, 17, 21) 
match  newtuple (0, 4265, 15, 7) 
match  newtuple (0, 4265, 15, 14) 
match  newtuple (0, 4265, 15, 7) 
match  newtuple (0, 4265, 15, 14) 
match  newtuple (0, 4265, 15, 7) 
match  newtuple (0, 4265, 15, 14) 
match  newtuple (0, 4265, 15, 7) 
match  newtuple (0, 4265, 15, 14) 
match  newtuple (0, 4265, 15, 7) 
match  newtuple (0, 4265, 15, 14) 
match  newtuple (0, 4265, 15, 7) 
match  newtuple (0, 4265, 15, 14) 
match  newtuple (0, 4265, 15, 7) 
match  newtuple (0, 4265, 15, 14) 
match  newtuple (0, 4265, 15, 7) 
match  newtuple (0, 23255, 1, 15) 
match  newtuple (0, 23255, 1, 15) 
match  newtuple (0, 23255, 1, 15) 
match  newtuple (0, 3822, 20, 13) 
match  newtuple (0, 3822, 20, 13) 
match  newtuple (0, 3822, 20, 13) 
match  newtuple (0, 3822, 20, 13) 
match  newtuple (0, 3822, 20, 13) 
match  newtuple (0, 3822, 20, 13) 
match  newtuple (0, 3822, 20, 13) 
match  newtuple (0, 3822, 20, 13) 
match  newtuple (0, 18230, 8, 11) 
match  newtuple (0, 18230, 8, 11) 
match  newtuple (0, 18230, 8, 11) 
match  newtuple (0, 18230, 8, 11) 
match  newtuple (0, 18230, 8, 11) 
match  newtuple (0, 18230, 8, 11) 
match  newtuple (0, 18230, 8, 11) 
match  newtuple (0, 18230, 8, 11) 
match  newtuple (0, 9642, 3, 4) 
match  newtuple (0, 9642, 3, 4) 
match  newtuple (0, 2916, 1, 5) 
match  newtuple (0, 2916, 1, 5) 
match  newtuple (0, 2916, 1, 5) 
match  newtuple (0, 2916, 1, 5) 
match  newtuple (0, 2916, 1, 5) 
match  newtuple (0, 2136, 19, 17) 
match  newtuple (0, 2136, 19, 17) 
match  newtuple (0, 2136, 19, 17) 
match  newtuple (0, 2136, 19, 17) 
match  newtuple (0, 2136, 19, 17) 
match  newtuple (0, 2136, 19, 17) 
match  newtuple (0, 2136, 19, 17) 
match  newtuple (0, 2136, 19, 17) 
match  newtuple (0, 8393, 15, 14) 
match  newtuple (0, 8393, 15, 14) 
match  newtuple (0, 8393, 15, 14) 
match  newtuple (0, 8393, 15, 14) 
match  newtuple (0, 8393, 15, 14) 
match  newtuple (0, 8393, 15, 14) 
match  newtuple (0, 2764, 6, 21) 
match  newtuple (0, 2764, 6, 21) 
match  newtuple (0, 2764, 6, 21) 
match  newtuple (0, 2764, 6, 21) 
match  newtuple (0, 2764, 6, 21) 
match  newtuple (0, 2764, 6, 21) 
match  newtuple (0, 2764, 6, 21) 
match  newtuple (0, 2764, 6, 21) 
match  newtuple (0, 22552, 5, 9) 
match  newtuple (0, 22552, 5, 9) 
match  newtuple (0, 22552, 5, 9) 
match  newtuple (0, 22552, 5, 9) 
match  newtuple (0, 22552, 5, 9) 
match  newtuple (0, 22552, 5, 9) 
match  newtuple (0, 22552, 5, 9) 
match  newtuple (0, 22552, 5, 9) 
match  newtuple (0, 19169, 18, 4) 
match  newtuple (0, 19169, 18, 4) 
match  newtuple (0, 19169, 18, 4) 
match  newtuple (0, 19169, 18, 4) 
match  newtuple (0, 19169, 18, 4) 
match  newtuple (0, 19169, 18, 4) 
match  newtuple (0, 19169, 18, 4) 
match  newtuple (0, 19169, 18, 4) 
match  newtuple (0, 17571, 11, 20) 
match  newtuple (0, 17571, 11, 20) 
match  newtuple (0, 17571, 11, 20) 
match  newtuple (0, 17571, 11, 20) 
match  newtuple (0, 8424, 1, 15) 
match  newtuple (0, 8424, 1, 15) 
match  newtuple (0, 8424, 1, 15) 
match  newtuple (0, 8424, 1, 15) 
match  newtuple (0, 8424, 1, 15) 
match  newtuple (0, 8424, 1, 15) 
match  newtuple (0, 8424, 1, 15) 
match  newtuple (0, 8973, 7, 2) 
match  newtuple (0, 8973, 7, 2) 
match  newtuple (0, 8973, 7, 2) 
match  newtuple (0, 8973, 7, 2) 
match  newtuple (0, 8973, 7, 2) 
match  newtuple (0, 8973, 7, 2) 
match  newtuple (0, 14434, 3, 16) 
match  newtuple (0, 14434, 3, 16) 
match  newtuple (0, 14434, 3, 16) 
match  newtuple (0, 14434, 3, 16) 
match  newtuple (0, 14434, 3, 16) 
match  newtuple (0, 14434, 3, 16) 
match  newtuple (0, 14434, 3, 16) 
match  newtuple (0, 14434, 3, 16) 
match  newtuple (0, 15962, 2, 20) 
match  newtuple (0, 15962, 2, 20) 
match  newtuple (0, 15962, 2, 20) 
match  newtuple (0, 15962, 2, 20) 
match  newtuple (0, 15962, 2, 20) 
match  newtuple (0, 15962, 2, 20) 
match  newtuple (0, 15962, 2, 20) 
match  newtuple (0, 18413, 1, 20) 
match  newtuple (0, 18413, 1, 20) 
match  newtuple (0, 18413, 1, 20) 
match  newtuple (0, 18413, 1, 20) 
match  newtuple (0, 18413, 1, 20) 
match  newtuple (0, 18413, 1, 20) 
match  newtuple (0, 18413, 1, 20) 
match  newtuple (0, 18413, 1, 20) 
match  newtuple (0, 13901, 21, 1) 
match  newtuple (0, 13901, 21, 1) 
match  newtuple (0, 13901, 21, 1) 
match  newtuple (0, 13901, 21, 1) 
match  newtuple (0, 13901, 21, 1) 
match  newtuple (0, 13901, 21, 1) 
match  newtuple (0, 13901, 21, 1) 
match  newtuple (0, 13901, 21, 1) 
match  newtuple (0, 1554, 7, 1) 
match  newtuple (0, 1554, 7, 1) 
match  newtuple (0, 1554, 7, 1) 
match  newtuple (0, 1554, 7, 1) 
match  newtuple (0, 1554, 7, 1) 
match  newtuple (0, 20477, 19, 20) 
match  newtuple (0, 20477, 19, 20) 
match  newtuple (0, 20477, 19, 20) 
match  newtuple (0, 20477, 19, 20) 
match  newtuple (0, 20477, 19, 20) 
match  newtuple (0, 20477, 19, 20) 
match  newtuple (0, 20477, 19, 20) 
match  newtuple (0, 20477, 19, 20) 
match  newtuple (0, 2181, 21, 17) 
match  newtuple (0, 2181, 21, 17) 
match  newtuple (0, 2181, 21, 17) 
match  newtuple (0, 2181, 21, 17) 
match  newtuple (0, 2181, 21, 17) 
match  newtuple (0, 2181, 21, 17) 
match  newtuple (0, 1051, 8, 6) 
match  newtuple (0, 1051, 8, 6) 
match  newtuple (0, 1051, 8, 6) 
match  newtuple (0, 1051, 8, 6) 
match  newtuple (0, 1051, 8, 6) 
match  newtuple (0, 1051, 8, 6) 
match  newtuple (0, 1051, 8, 6) 
match  newtuple (0, 1051, 8, 6) 
match  newtuple (0, 6476, 17, 13) 
match  newtuple (0, 6476, 17, 13) 
match  newtuple (0, 6476, 17, 13) 
match  newtuple (0, 6476, 17, 13) 
match  newtuple (0, 6476, 17, 13) 
match  newtuple (0, 6476, 17, 13) 
match  newtuple (0, 6476, 17, 13) 
match  newtuple (0, 6476, 17, 13) 
match  newtuple (0, 1188, 19, 4) 
match  newtuple (0, 1188, 19, 4) 
match  newtuple (0, 1188, 19, 4) 
match  newtuple (0, 1188, 19, 4) 
match  newtuple (0, 1188, 19, 4) 
match  newtuple (0, 1188, 19, 4) 
match  newtuple (0, 1188, 19, 4) 
match  newtuple (0, 8668, 10, 16) 
match  newtuple (0, 8668, 10, 16) 
match  newtuple (0, 8668, 10, 16) 
match  newtuple (0, 8668, 10, 16) 
match  newtuple (0, 8668, 10, 16) 
match  newtuple (0, 8668, 10, 16) 
match  newtuple (0, 8668, 10, 16) 
match  newtuple (0, 8668, 10, 16) 
match  newtuple (0, 18591, 19, 1) 
match  newtuple (0, 18591, 19, 1) 
match  newtuple (0, 18591, 19, 1) 
match  newtuple (0, 18591, 19, 1) 
match  newtuple (0, 18591, 19, 1) 
match  newtuple (0, 18591, 19, 1) 
match  newtuple (0, 18591, 19, 1) 
match  newtuple (0, 18591, 19, 1) 
match  newtuple (0, 1340, 13, 5) 
match  newtuple (0, 1340, 13, 5) 
match  newtuple (0, 1340, 13, 5) 
match  newtuple (0, 1547, 10, 12) 
match  newtuple (0, 1547, 10, 12) 
match  newtuple (0, 1547, 10, 12) 
match  newtuple (0, 1547, 10, 12) 
match  newtuple (0, 1547, 10, 12) 
match  newtuple (0, 8944, 7, 8) 
match  newtuple (0, 8944, 7, 8) 
match  newtuple (0, 8944, 7, 8) 
match  newtuple (0, 8944, 7, 8) 
match  newtuple (0, 8944, 7, 8) 
match  newtuple (0, 8944, 7, 8) 
match  newtuple (0, 8944, 7, 8) 
match  newtuple (0, 20323, 6, 11) 
match  newtuple (0, 20323, 6, 11) 
match  newtuple (0, 20323, 6, 11) 
match  newtuple (0, 20323, 6, 11) 
match  newtuple (0, 20323, 6, 11) 
match  newtuple (0, 20323, 6, 11) 
match  newtuple (0, 20323, 6, 11) 
match  newtuple (0, 20323, 6, 11) 
match  newtuple (0, 4115, 2, 18) 
match  newtuple (0, 4115, 2, 18) 
match  newtuple (0, 4115, 2, 18) 
match  newtuple (0, 4115, 2, 18) 
match  newtuple (0, 4115, 2, 18) 
match  newtuple (0, 4115, 2, 18) 
match  newtuple (0, 23912, 12, 14) 
match  newtuple (0, 23912, 12, 14) 
match  newtuple (0, 23912, 12, 14) 
match  newtuple (0, 23912, 12, 14) 
match  newtuple (0, 23912, 12, 14) 
match  newtuple (0, 23912, 12, 14) 
match  newtuple (0, 18954, 21, 14) 
match  newtuple (0, 18954, 21, 14) 
match  newtuple (0, 18954, 21, 14) 
match  newtuple (0, 18954, 21, 14) 
match  newtuple (0, 18954, 21, 14) 
match  newtuple (0, 18954, 21, 14) 
match  newtuple (0, 18954, 21, 14) 
match  newtuple (0, 18954, 21, 14) 
match  newtuple (0, 577, 13, 2) 
match  newtuple (0, 439, 11, 2) 
match  newtuple (0, 439, 11, 2) 
match  newtuple (0, 439, 11, 2) 
match  newtuple (0, 439, 11, 2) 
match  newtuple (0, 439, 11, 2) 
match  newtuple (0, 439, 11, 2) 
match  newtuple (0, 439, 11, 2) 
match  newtuple (0, 439, 11, 2) 
match  newtuple (0, 7633, 21, 2) 
match  newtuple (0, 7633, 21, 2) 
match  newtuple (0, 7633, 21, 2) 
match  newtuple (0, 7633, 21, 2) 
match  newtuple (0, 15858, 4, 3) 
match  newtuple (0, 15858, 4, 3) 
match  newtuple (0, 15858, 4, 3) 
match  newtuple (0, 15858, 4, 3) 
match  newtuple (0, 15858, 4, 3) 
match  newtuple (0, 15858, 4, 3) 
match  newtuple (0, 15858, 4, 3) 
match  newtuple (0, 16051, 3, 11) 
match  newtuple (0, 16051, 3, 11) 
match  newtuple (0, 16051, 3, 11) 
match  newtuple (0, 16051, 3, 11) 
match  newtuple (0, 16051, 3, 11) 
match  newtuple (0, 16051, 3, 11) 
match  newtuple (0, 16051, 3, 11) 
match  newtuple (0, 16051, 3, 11) 
match  newtuple (0, 20294, 7, 2) 
match  newtuple (0, 20294, 7, 2) 
match  newtuple (0, 20294, 7, 2) 
match  newtuple (0, 20294, 7, 2) 
match  newtuple (0, 20294, 7, 2) 
match  newtuple (0, 20294, 7, 2) 
match  newtuple (0, 20294, 7, 2) 
match  newtuple (0, 20294, 7, 2) 
match  newtuple (0, 7265, 6, 18) 
match  newtuple (0, 7265, 6, 18) 
match  newtuple (0, 7265, 6, 18) 
match  newtuple (0, 7265, 6, 18) 
match  newtuple (0, 7265, 6, 18) 
match  newtuple (0, 7265, 6, 18) 
match  newtuple (0, 7265, 6, 18) 
match  newtuple (0, 7265, 6, 18) 
match  newtuple (0, 23787, 1, 14) 
match  newtuple (0, 23787, 1, 14) 
match  newtuple (0, 23787, 1, 14) 
match  newtuple (0, 23787, 1, 14) 
match  newtuple (0, 23787, 1, 14) 
match  newtuple (0, 23787, 1, 14) 
match  newtuple (0, 15156, 1, 7) 
match  newtuple (0, 15156, 1, 7) 
match  newtuple (0, 15156, 1, 7) 
match  newtuple (0, 15156, 1, 7) 
match  newtuple (0, 15156, 1, 7) 
match  newtuple (0, 15156, 1, 7) 
match  newtuple (0, 15156, 1, 7) 
match  newtuple (0, 15156, 1, 7) 
match  newtuple (0, 1676, 14, 18) 
match  newtuple (0, 1676, 14, 18) 
match  newtuple (0, 1676, 14, 18) 
match  newtuple (0, 1676, 14, 18) 
match  newtuple (0, 1676, 14, 18) 
match  newtuple (0, 1676, 14, 18) 
match  newtuple (0, 1676, 14, 18) 
match  newtuple (0, 4667, 19, 7) 
match  newtuple (0, 4667, 19, 7) 
match  newtuple (0, 4667, 19, 7) 
match  newtuple (0, 4667, 19, 7) 
match  newtuple (0, 4667, 19, 7) 
match  newtuple (0, 4667, 19, 7) 
match  newtuple (0, 4667, 19, 7) 
match  newtuple (0, 4667, 19, 7) 
match  newtuple (0, 11030, 18, 2) 
match  newtuple (0, 11030, 18, 2) 
match  newtuple (0, 11030, 18, 2) 
match  newtuple (0, 11030, 18, 2) 
match  newtuple (0, 11030, 18, 2) 
match  newtuple (0, 11030, 18, 2) 
match  newtuple (0, 11030, 18, 2) 
match  newtuple (0, 11030, 18, 2) 
match  newtuple (0, 5384, 15, 11) 
match  newtuple (0, 5384, 15, 11) 
match  newtuple (0, 5384, 15, 11) 
match  newtuple (0, 5384, 15, 16) 
match  newtuple (0, 5384, 15, 16) 
match  newtuple (0, 9842, 6, 2) 
match  newtuple (0, 9842, 6, 2) 
match  newtuple (0, 9842, 6, 2) 
match  newtuple (0, 9842, 6, 2) 
match  newtuple (0, 9842, 6, 2) 
match  newtuple (0, 9842, 6, 2) 
match  newtuple (0, 16683, 1, 7) 
match  newtuple (0, 16683, 1, 7) 
match  newtuple (0, 6295, 10, 3) 
match  newtuple (0, 6295, 10, 3) 
match  newtuple (0, 6295, 10, 3) 
match  newtuple (0, 6295, 10, 3) 
match  newtuple (0, 6295, 10, 3) 
match  newtuple (0, 6295, 10, 3) 
match  newtuple (0, 6295, 10, 3) 
match  newtuple (0, 6295, 10, 3) 
match  newtuple (0, 7572, 13, 16) 
match  newtuple (0, 23065, 16, 15) 
match  newtuple (0, 23065, 16, 15) 
match  newtuple (0, 23065, 16, 15) 
match  newtuple (0, 23065, 16, 15) 
match  newtuple (0, 23065, 16, 15) 
match  newtuple (0, 23065, 16, 15) 
match  newtuple (0, 23065, 16, 15) 
match  newtuple (0, 23065, 16, 15) 
match  newtuple (0, 381, 10, 11) 
match  newtuple (0, 381, 10, 11) 
match  newtuple (0, 381, 10, 11) 
match  newtuple (0, 381, 10, 11) 
match  newtuple (0, 381, 10, 11) 
match  newtuple (0, 381, 10, 11) 
match  newtuple (0, 381, 10, 11) 
match  newtuple (0, 381, 10, 11) 
match  newtuple (0, 16555, 13, 1) 
match  newtuple (0, 16555, 13, 1) 
match  newtuple (0, 16555, 13, 1) 
match  newtuple (0, 16555, 13, 1) 
match  newtuple (0, 16555, 13, 1) 
match  newtuple (0, 16555, 13, 1) 
match  newtuple (0, 16555, 13, 1) 
match  newtuple (0, 16555, 13, 1) 
match  newtuple (0, 137, 2, 8) 
match  newtuple (0, 137, 2, 8) 
match  newtuple (0, 137, 2, 8) 
match  newtuple (0, 137, 2, 8) 
match  newtuple (0, 137, 2, 8) 
match  newtuple (0, 137, 2, 8) 
match  newtuple (0, 137, 2, 8) 
match  newtuple (0, 137, 2, 8) 
match  newtuple (0, 4994, 16, 9) 
match  newtuple (0, 4994, 16, 9) 
match  newtuple (0, 4994, 16, 9) 
match  newtuple (0, 6467, 18, 6) 
match  newtuple (0, 6467, 18, 6) 
match  newtuple (0, 6467, 18, 6) 
match  newtuple (0, 6467, 18, 6) 
match  newtuple (0, 6467, 18, 6) 
match  newtuple (0, 6467, 18, 6) 
match  newtuple (0, 6467, 18, 6) 
match  newtuple (0, 6467, 18, 6) 
match  newtuple (0, 9295, 10, 16) 
match  newtuple (0, 9295, 10, 16) 
match  newtuple (0, 9295, 10, 16) 
match  newtuple (0, 9295, 10, 16) 
match  newtuple (0, 9295, 10, 16) 
match  newtuple (0, 9295, 10, 16) 
match  newtuple (0, 9295, 10, 16) 
match  newtuple (0, 9295, 10, 16) 
match  newtuple (0, 22947, 16, 17) 
match  newtuple (0, 22947, 16, 17) 
match  newtuple (0, 22947, 16, 17) 
match  newtuple (0, 22947, 16, 17) 
match  newtuple (0, 22947, 16, 17) 
match  newtuple (0, 22947, 16, 17) 
match  newtuple (0, 22947, 16, 17) 
match  newtuple (0, 22947, 16, 17) 
match  newtuple (0, 18638, 18, 21) 
match  newtuple (0, 18638, 18, 21) 
match  newtuple (0, 18638, 18, 21) 
match  newtuple (0, 18638, 18, 21) 
match  newtuple (0, 3019, 19, 14) 
match  newtuple (0, 3019, 19, 14) 
match  newtuple (0, 3019, 19, 14) 
match  newtuple (0, 3019, 19, 14) 
match  newtuple (0, 3019, 19, 14) 
match  newtuple (0, 3019, 19, 14) 
match  newtuple (0, 3019, 19, 14) 
match  newtuple (0, 7116, 20, 3) 
match  newtuple (0, 7116, 20, 3) 
match  newtuple (0, 7116, 20, 3) 
match  newtuple (0, 7116, 20, 3) 
match  newtuple (0, 7116, 20, 3) 
match  newtuple (0, 7116, 20, 3) 
match  newtuple (0, 7116, 20, 3) 
match  newtuple (0, 7116, 20, 3) 
match  newtuple (0, 22849, 3, 9) 
match  newtuple (0, 22849, 3, 9) 
match  newtuple (0, 22849, 3, 9) 
match  newtuple (0, 22849, 3, 9) 
match  newtuple (0, 22849, 3, 9) 
match  newtuple (0, 22849, 3, 9) 
match  newtuple (0, 22849, 3, 9) 
match  newtuple (0, 5377, 7, 20) 
match  newtuple (0, 5377, 7, 20) 
match  newtuple (0, 5377, 7, 20) 
match  newtuple (0, 5377, 7, 20) 
match  newtuple (0, 5377, 7, 20) 
match  newtuple (0, 5377, 7, 20) 
match  newtuple (0, 5377, 7, 20) 
match  newtuple (0, 23657, 12, 10) 
match  newtuple (0, 23657, 12, 10) 
match  newtuple (0, 23657, 12, 10) 
match  newtuple (0, 23657, 12, 10) 
match  newtuple (0, 23657, 12, 10) 
match  newtuple (0, 137, 17, 8) 
match  newtuple (0, 137, 17, 8) 
match  newtuple (0, 137, 17, 8) 
match  newtuple (0, 137, 17, 8) 
match  newtuple (0, 137, 17, 8) 
match  newtuple (0, 137, 17, 8) 
match  newtuple (0, 137, 17, 8) 
match  newtuple (0, 137, 17, 8) 
match  newtuple (0, 15854, 8, 21) 
match  newtuple (0, 15854, 8, 21) 
match  newtuple (0, 15854, 8, 21) 
match  newtuple (0, 15854, 8, 21) 
match  newtuple (0, 18165, 13, 4) 
match  newtuple (0, 18165, 13, 4) 
match  newtuple (0, 18165, 13, 4) 
match  newtuple (0, 18165, 13, 4) 
match  newtuple (0, 18165, 13, 4) 
match  newtuple (0, 14317, 6, 6) 
match  newtuple (0, 14317, 6, 6) 
match  newtuple (0, 14317, 6, 6) 
match  newtuple (0, 14317, 6, 6) 
match  newtuple (0, 14317, 6, 6) 
match  newtuple (0, 14317, 6, 6) 
match  newtuple (0, 14317, 6, 6) 
match  newtuple (0, 14317, 6, 6) 
match  newtuple (0, 2916, 3, 5) 
match  newtuple (0, 2916, 3, 5) 
match  newtuple (0, 2916, 3, 5) 
match  newtuple (0, 2916, 3, 5) 
match  newtuple (0, 2916, 3, 5) 
match  newtuple (0, 18243, 14, 17) 
match  newtuple (0, 18243, 14, 17) 
match  newtuple (0, 18243, 14, 17) 
match  newtuple (0, 18243, 14, 17) 
match  newtuple (0, 18243, 14, 17) 
match  newtuple (0, 18243, 14, 17) 
match  newtuple (0, 18243, 14, 17) 
match  newtuple (0, 18243, 14, 17) 
match  newtuple (0, 2849, 15, 18) 
match  newtuple (0, 2849, 15, 18) 
match  newtuple (0, 2849, 15, 18) 
match  newtuple (0, 2849, 15, 18) 
match  newtuple (0, 2849, 15, 18) 
match  newtuple (0, 2849, 15, 18) 
match  newtuple (0, 2849, 15, 18) 
match  newtuple (0, 2849, 15, 18) 
match  newtuple (0, 21457, 10, 2) 
match  newtuple (0, 21457, 10, 2) 
match  newtuple (0, 21457, 10, 2) 
match  newtuple (0, 21457, 10, 2) 
match  newtuple (0, 21457, 10, 2) 
match  newtuple (0, 21457, 10, 2) 
match  newtuple (0, 21457, 10, 2) 
match  newtuple (0, 2764, 17, 21) 
match  newtuple (0, 2764, 17, 21) 
match  newtuple (0, 2764, 17, 21) 
match  newtuple (0, 2764, 17, 21) 
match  newtuple (0, 2764, 17, 21) 
match  newtuple (0, 2764, 17, 21) 
match  newtuple (0, 2764, 17, 21) 
match  newtuple (0, 2764, 17, 21) 
match  newtuple (0, 10428, 5, 11) 
match  newtuple (0, 10428, 5, 11) 
match  newtuple (0, 10428, 5, 11) 
match  newtuple (0, 10428, 5, 11) 
match  newtuple (0, 10428, 5, 11) 
match  newtuple (0, 10428, 5, 11) 
match  newtuple (0, 10428, 5, 11) 
match  newtuple (0, 10428, 5, 11) 
match  newtuple (0, 12649, 9, 15) 
match  newtuple (0, 12649, 9, 15) 
match  newtuple (0, 12649, 9, 15) 
match  newtuple (0, 12649, 9, 15) 
match  newtuple (0, 2001, 10, 21) 
match  newtuple (0, 2001, 10, 21) 
match  newtuple (0, 2001, 10, 21) 
match  newtuple (0, 2001, 10, 21) 
match  newtuple (0, 2001, 10, 21) 
match  newtuple (0, 2001, 10, 21) 
match  newtuple (0, 2001, 10, 21) 
match  newtuple (0, 2001, 10, 21) 
match  newtuple (0, 7973, 17, 16) 
match  newtuple (0, 7973, 17, 16) 
match  newtuple (0, 7973, 17, 16) 
match  newtuple (0, 7973, 17, 16) 
match  newtuple (0, 7973, 17, 16) 
match  newtuple (0, 7973, 17, 16) 
match  newtuple (0, 7973, 17, 16) 
match  newtuple (0, 7973, 17, 16) 
match  newtuple (0, 22370, 18, 21) 
match  newtuple (0, 22370, 18, 21) 
match  newtuple (0, 22370, 18, 21) 
match  newtuple (0, 22370, 18, 21) 
match  newtuple (0, 22370, 18, 21) 
match  newtuple (0, 22370, 18, 21) 
match  newtuple (0, 22370, 18, 21) 
match  newtuple (0, 22370, 18, 21) 
match  newtuple (0, 17007, 20, 3) 
match  newtuple (0, 17007, 20, 3) 
match  newtuple (0, 17007, 20, 3) 
match  newtuple (0, 17007, 20, 3) 
match  newtuple (0, 17007, 20, 3) 
match  newtuple (0, 17007, 20, 3) 
match  newtuple (0, 17007, 20, 3) 
match  newtuple (0, 17007, 20, 3) 
match  newtuple (0, 13560, 19, 8) 
match  newtuple (0, 13560, 19, 8) 
match  newtuple (0, 13560, 19, 8) 
match  newtuple (0, 13560, 19, 8) 
match  newtuple (0, 13560, 19, 8) 
match  newtuple (0, 13560, 19, 8) 
match  newtuple (0, 13560, 19, 8) 
match  newtuple (0, 13560, 19, 8) 
match  newtuple (0, 4115, 21, 18) 
match  newtuple (0, 4115, 21, 18) 
match  newtuple (0, 4115, 21, 18) 
match  newtuple (0, 4115, 21, 18) 
match  newtuple (0, 4115, 21, 18) 
match  newtuple (0, 4115, 21, 18) 
match  newtuple (0, 23833, 11, 4) 
match  newtuple (0, 23833, 11, 4) 
match  newtuple (0, 23833, 11, 4) 
match  newtuple (0, 23833, 11, 4) 
match  newtuple (0, 23833, 11, 4) 
match  newtuple (0, 23833, 11, 4) 
match  newtuple (0, 23833, 11, 4) 
match  newtuple (0, 23833, 11, 4) 
match  newtuple (0, 4961, 8, 4) 
match  newtuple (0, 4961, 8, 4) 
match  newtuple (0, 4961, 8, 4) 
match  newtuple (0, 4961, 8, 4) 
match  newtuple (0, 4961, 8, 4) 
match  newtuple (0, 4961, 8, 4) 
match  newtuple (0, 4961, 8, 4) 
match  newtuple (0, 2963, 4, 12) 
match  newtuple (0, 2963, 4, 12) 
match  newtuple (0, 2963, 4, 12) 
match  newtuple (0, 2963, 4, 12) 
match  newtuple (0, 2963, 4, 12) 
match  newtuple (0, 2963, 4, 12) 
match  newtuple (0, 2963, 4, 12) 
match  newtuple (0, 2963, 4, 12) 
match  newtuple (0, 19789, 4, 5) 
match  newtuple (0, 19789, 4, 5) 
match  newtuple (0, 19789, 4, 5) 
match  newtuple (0, 19789, 4, 5) 
match  newtuple (0, 19789, 4, 5) 
match  newtuple (0, 19789, 4, 5) 
match  newtuple (0, 19789, 4, 5) 
match  newtuple (0, 19789, 4, 5) 
match  newtuple (0, 12475, 16, 17) 
match  newtuple (0, 12475, 16, 17) 
match  newtuple (0, 12475, 16, 17) 
match  newtuple (0, 12475, 16, 17) 
match  newtuple (0, 12475, 16, 17) 
match  newtuple (0, 12475, 16, 17) 
match  newtuple (0, 12475, 16, 17) 
match  newtuple (0, 12475, 16, 17) 
match  newtuple (0, 6700, 15, 4) 
match  newtuple (0, 6700, 15, 4) 
match  newtuple (0, 6700, 15, 4) 
match  newtuple (0, 15417, 8, 18) 
match  newtuple (0, 15417, 8, 18) 
match  newtuple (0, 15417, 8, 18) 
match  newtuple (0, 9661, 12, 13) 
match  newtuple (0, 9661, 12, 13) 
match  newtuple (0, 9661, 12, 13) 
match  newtuple (0, 9661, 12, 13) 
match  newtuple (0, 9661, 12, 13) 
match  newtuple (0, 9661, 12, 13) 
match  newtuple (0, 9661, 12, 13) 
match  newtuple (0, 9661, 12, 13) 
match  newtuple (0, 15651, 12, 12) 
match  newtuple (0, 15651, 12, 12) 
match  newtuple (0, 15651, 12, 12) 
match  newtuple (0, 15651, 12, 12) 
match  newtuple (0, 15651, 12, 12) 
match  newtuple (0, 15651, 12, 12) 
match  newtuple (0, 15651, 12, 12) 
match  newtuple (0, 15651, 12, 12) 
match  newtuple (0, 8208, 9, 15) 
match  newtuple (0, 8208, 9, 15) 
match  newtuple (0, 8208, 9, 15) 
match  newtuple (0, 8208, 9, 15) 
match  newtuple (0, 8208, 9, 15) 
match  newtuple (0, 8208, 9, 15) 
match  newtuple (0, 8208, 9, 15) 
match  newtuple (0, 8208, 9, 15) 
match  newtuple (0, 6076, 15, 15) 
match  newtuple (0, 6076, 15, 15) 
match  newtuple (0, 6076, 15, 15) 
match  newtuple (0, 6076, 15, 15) 
match  newtuple (0, 6076, 15, 15) 
match  newtuple (0, 6076, 15, 15) 
match  newtuple (0, 6076, 15, 15) 
match  newtuple (0, 6076, 15, 15) 
match  newtuple (0, 5355, 13, 15) 
match  newtuple (0, 5355, 13, 15) 
match  newtuple (0, 5355, 13, 15) 
match  newtuple (0, 5355, 13, 15) 
match  newtuple (0, 5355, 13, 15) 
match  newtuple (0, 5355, 13, 15) 
match  newtuple (0, 5355, 13, 15) 
match  newtuple (0, 5355, 13, 15) 
match  newtuple (0, 7728, 18, 21) 
match  newtuple (0, 7728, 18, 21) 
match  newtuple (0, 7728, 18, 21) 
match  newtuple (0, 7728, 18, 21) 
match  newtuple (0, 7728, 18, 21) 
match  newtuple (0, 7728, 18, 21) 
match  newtuple (0, 7728, 18, 21) 
match  newtuple (0, 1617, 3, 2) 
match  newtuple (0, 1617, 3, 2) 
match  newtuple (0, 1617, 3, 2) 
match  newtuple (0, 1617, 3, 2) 
match  newtuple (0, 1617, 3, 2) 
match  newtuple (0, 1617, 3, 2) 
match  newtuple (0, 2902, 10, 14) 
match  newtuple (0, 2902, 10, 14) 
match  newtuple (0, 2902, 10, 14) 
match  newtuple (0, 2902, 10, 14) 
match  newtuple (0, 2902, 10, 14) 
match  newtuple (0, 2902, 10, 14) 
match  newtuple (0, 2902, 10, 14) 
match  newtuple (0, 2902, 10, 14) 
match  newtuple (0, 20736, 6, 1) 
match  newtuple (0, 20736, 6, 1) 
match  newtuple (0, 20736, 6, 1) 
match  newtuple (0, 20736, 6, 1) 
match  newtuple (0, 20736, 6, 1) 
match  newtuple (0, 20736, 6, 1) 
match  newtuple (0, 20736, 6, 1) 
match  newtuple (0, 21415, 7, 15) 
match  newtuple (0, 21415, 7, 15) 
match  newtuple (0, 21415, 7, 15) 
match  newtuple (0, 21415, 7, 15) 
match  newtuple (0, 21415, 7, 15) 
match  newtuple (0, 21415, 7, 15) 
match  newtuple (0, 21415, 7, 15) 
match  newtuple (0, 21415, 7, 15) 
match  newtuple (0, 21774, 2, 3) 
match  newtuple (0, 21774, 2, 3) 
match  newtuple (0, 21774, 2, 3) 
match  newtuple (0, 21774, 2, 3) 
match  newtuple (0, 21774, 2, 3) 
match  newtuple (0, 21774, 2, 3) 
match  newtuple (0, 21774, 2, 3) 
match  newtuple (0, 21774, 2, 3) 
match  newtuple (0, 13621, 3, 7) 
match  newtuple (0, 13621, 3, 7) 
match  newtuple (0, 13621, 3, 7) 
match  newtuple (0, 13621, 3, 7) 
match  newtuple (0, 13621, 3, 7) 
match  newtuple (0, 13621, 3, 7) 
match  newtuple (0, 13621, 3, 7) 
match  newtuple (0, 13621, 3, 7) 
match  newtuple (0, 6845, 1, 11) 
match  newtuple (0, 6845, 1, 11) 
match  newtuple (0, 6845, 1, 11) 
match  newtuple (0, 6845, 1, 11) 
match  newtuple (0, 16192, 6, 13) 
match  newtuple (0, 16192, 6, 13) 
match  newtuple (0, 16192, 6, 13) 
match  newtuple (0, 16192, 6, 13) 
match  newtuple (0, 16192, 6, 13) 
match  newtuple (0, 16192, 6, 13) 
match  newtuple (0, 16192, 6, 13) 
match  newtuple (0, 16192, 6, 13) 
match  newtuple (0, 16160, 13, 14) 
match  newtuple (0, 16160, 13, 14) 
match  newtuple (0, 16160, 13, 14) 
match  newtuple (0, 16160, 13, 14) 
match  newtuple (0, 16160, 13, 14) 
match  newtuple (0, 16160, 13, 14) 
match  newtuple (0, 16160, 13, 14) 
match  newtuple (0, 16160, 13, 14) 
match  newtuple (0, 19543, 17, 4) 
match  newtuple (0, 19543, 17, 4) 
match  newtuple (0, 19543, 17, 4) 
match  newtuple (0, 19543, 17, 4) 
match  newtuple (0, 19543, 17, 4) 
match  newtuple (0, 19543, 17, 4) 
match  newtuple (0, 19543, 17, 4) 
match  newtuple (0, 19543, 17, 4) 
match  newtuple (0, 19104, 19, 13) 
match  newtuple (0, 19104, 19, 13) 
match  newtuple (0, 19104, 19, 13) 
match  newtuple (0, 19104, 19, 13) 
match  newtuple (0, 19104, 19, 13) 
match  newtuple (0, 19104, 19, 13) 
match  newtuple (0, 19104, 19, 13) 
match  newtuple (0, 19104, 19, 13) 
match  newtuple (0, 15990, 18, 6) 
match  newtuple (0, 15990, 18, 6) 
match  newtuple (0, 15990, 18, 6) 
match  newtuple (0, 15990, 18, 6) 
match  newtuple (0, 15990, 18, 6) 
match  newtuple (0, 15990, 18, 6) 
match  newtuple (0, 22011, 1, 9) 
match  newtuple (0, 22011, 1, 9) 
match  newtuple (0, 3606, 4, 3) 
match  newtuple (0, 3606, 4, 3) 
match  newtuple (0, 3606, 4, 3) 
match  newtuple (0, 3606, 4, 3) 
match  newtuple (0, 3606, 4, 3) 
match  newtuple (0, 3606, 4, 3) 
match  newtuple (0, 3606, 4, 3) 
match  newtuple (0, 3606, 4, 3) 
match  newtuple (0, 20918, 16, 6) 
match  newtuple (0, 20918, 16, 6) 
match  newtuple (0, 20918, 16, 6) 
match  newtuple (0, 20918, 16, 6) 
match  newtuple (0, 20918, 16, 6) 
match  newtuple (0, 20918, 16, 6) 
match  newtuple (0, 20918, 16, 6) 
match  newtuple (0, 20918, 16, 6) 
match  newtuple (0, 22710, 6, 18) 
match  newtuple (0, 22710, 6, 18) 
match  newtuple (0, 22710, 6, 18) 
match  newtuple (0, 22710, 6, 18) 
match  newtuple (0, 22710, 6, 18) 
match  newtuple (0, 22710, 6, 18) 
match  newtuple (0, 22710, 6, 18) 
match  newtuple (0, 22710, 6, 18) 
match  newtuple (0, 3207, 11, 21) 
match  newtuple (0, 3207, 11, 21) 
match  newtuple (0, 3207, 11, 21) 
match  newtuple (0, 3207, 11, 21) 
match  newtuple (0, 3207, 11, 21) 
match  newtuple (0, 3207, 11, 21) 
match  newtuple (0, 3207, 11, 21) 
match  newtuple (0, 3207, 11, 21) 
match  newtuple (0, 16173, 5, 6) 
match  newtuple (0, 16173, 5, 6) 
match  newtuple (0, 16173, 5, 6) 
match  newtuple (0, 16173, 5, 6) 
match  newtuple (0, 16173, 5, 6) 
match  newtuple (0, 16173, 5, 6) 
match  newtuple (0, 16173, 5, 6) 
match  newtuple (0, 16173, 5, 6) 
match  newtuple (0, 14307, 21, 8) 
match  newtuple (0, 14307, 21, 8) 
match  newtuple (0, 14307, 21, 8) 
match  newtuple (0, 14307, 21, 8) 
match  newtuple (0, 14307, 21, 8) 
match  newtuple (0, 7503, 17, 6) 
match  newtuple (0, 7503, 17, 6) 
match  newtuple (0, 7503, 17, 6) 
match  newtuple (0, 7503, 17, 6) 
match  newtuple (0, 7503, 17, 6) 
match  newtuple (0, 7503, 17, 6) 
match  newtuple (0, 7503, 17, 6) 
match  newtuple (0, 7503, 17, 6) 
match  newtuple (0, 2533, 17, 20) 
match  newtuple (0, 2533, 17, 20) 
match  newtuple (0, 2533, 17, 20) 
match  newtuple (0, 2533, 17, 20) 
match  newtuple (0, 2533, 17, 20) 
match  newtuple (0, 2533, 17, 20) 
match  newtuple (0, 2533, 17, 20) 
match  newtuple (0, 2533, 17, 20) 
match  newtuple (0, 3490, 19, 19) 
match  newtuple (0, 3490, 19, 19) 
match  newtuple (0, 3490, 19, 19) 
match  newtuple (0, 3490, 19, 19) 
match  newtuple (0, 3490, 19, 19) 
match  newtuple (0, 3490, 19, 19) 
match  newtuple (0, 3490, 19, 19) 
match  newtuple (0, 3490, 19, 19) 
match  newtuple (0, 17890, 20, 10) 
match  newtuple (0, 17890, 20, 10) 
match  newtuple (0, 17890, 20, 10) 
match  newtuple (0, 17890, 20, 10) 
match  newtuple (0, 17890, 20, 10) 
match  newtuple (0, 17890, 20, 10) 
match  newtuple (0, 17890, 20, 10) 
match  newtuple (0, 17890, 20, 10) 
match  newtuple (0, 6536, 11, 20) 
match  newtuple (0, 6536, 11, 20) 
match  newtuple (0, 6536, 11, 20) 
match  newtuple (0, 6536, 11, 20) 
match  newtuple (0, 6536, 11, 20) 
match  newtuple (0, 6536, 11, 20) 
match  newtuple (0, 6536, 11, 20) 
match  newtuple (0, 6536, 11, 20) 
match  newtuple (0, 21782, 1, 4) 
match  newtuple (0, 21782, 1, 4) 
match  newtuple (0, 21782, 1, 4) 
match  newtuple (0, 21782, 1, 4) 
match  newtuple (0, 21782, 1, 4) 
match  newtuple (0, 21782, 1, 4) 
match  newtuple (0, 4185, 17, 12) 
match  newtuple (0, 4185, 17, 12) 
match  newtuple (0, 4185, 17, 12) 
match  newtuple (0, 4185, 17, 12) 
match  newtuple (0, 4185, 17, 12) 
match  newtuple (0, 4185, 17, 12) 
match  newtuple (0, 8208, 19, 15) 
match  newtuple (0, 8208, 19, 15) 
match  newtuple (0, 8208, 19, 15) 
match  newtuple (0, 8208, 19, 15) 
match  newtuple (0, 8208, 19, 15) 
match  newtuple (0, 8208, 19, 15) 
match  newtuple (0, 8208, 19, 15) 
match  newtuple (0, 8208, 19, 15) 
match  newtuple (0, 8434, 20, 2) 
match  newtuple (0, 8434, 20, 2) 
match  newtuple (0, 8434, 20, 2) 
match  newtuple (0, 8434, 20, 2) 
match  newtuple (0, 8434, 20, 2) 
match  newtuple (0, 8434, 20, 2) 
match  newtuple (0, 8434, 20, 2) 
match  newtuple (0, 19938, 19, 18) 
match  newtuple (0, 19938, 19, 18) 
match  newtuple (0, 19938, 19, 18) 
match  newtuple (0, 19938, 19, 18) 
match  newtuple (0, 19938, 19, 18) 
match  newtuple (0, 19938, 19, 18) 
match  newtuple (0, 19938, 19, 18) 
match  newtuple (0, 7095, 12, 10) 
match  newtuple (0, 7095, 12, 10) 
match  newtuple (0, 7095, 12, 10) 
match  newtuple (0, 7095, 12, 10) 
match  newtuple (0, 7095, 12, 10) 
match  newtuple (0, 7095, 12, 10) 
match  newtuple (0, 11038, 3, 7) 
match  newtuple (0, 11038, 3, 7) 
match  newtuple (0, 11038, 3, 7) 
match  newtuple (0, 11038, 3, 7) 
match  newtuple (0, 11038, 3, 7) 
match  newtuple (0, 11038, 3, 7) 
match  newtuple (0, 11038, 3, 7) 
match  newtuple (0, 11038, 3, 7) 
match  newtuple (0, 10498, 13, 5) 
match  newtuple (0, 10498, 13, 5) 
match  newtuple (0, 10498, 13, 5) 
match  newtuple (0, 10498, 13, 5) 
match  newtuple (0, 10498, 13, 5) 
match  newtuple (0, 10498, 13, 5) 
match  newtuple (0, 17165, 17, 13) 
match  newtuple (0, 17165, 17, 13) 
match  newtuple (0, 17165, 17, 13) 
match  newtuple (0, 17165, 17, 13) 
match  newtuple (0, 17165, 17, 13) 
match  newtuple (0, 17165, 17, 13) 
match  newtuple (0, 17165, 17, 13) 
match  newtuple (0, 6472, 10, 13) 
match  newtuple (0, 6472, 10, 13) 
match  newtuple (0, 6472, 10, 13) 
match  newtuple (0, 6472, 10, 13) 
match  newtuple (0, 6472, 10, 13) 
match  newtuple (0, 6472, 10, 13) 
match  newtuple (0, 6472, 10, 13) 
match  newtuple (0, 6472, 10, 13) 
match  newtuple (0, 10273, 10, 13) 
match  newtuple (0, 10273, 10, 13) 
match  newtuple (0, 9049, 2, 6) 
match  newtuple (0, 9049, 2, 6) 
match  newtuple (0, 9049, 2, 6) 
match  newtuple (0, 9049, 2, 6) 
match  newtuple (0, 9049, 2, 6) 
match  newtuple (0, 12353, 13, 15) 
match  newtuple (0, 12353, 13, 15) 
match  newtuple (0, 12353, 13, 15) 
match  newtuple (0, 12353, 13, 15) 
match  newtuple (0, 12353, 13, 15) 
match  newtuple (0, 12353, 13, 15) 
match  newtuple (0, 12353, 13, 15) 
match  newtuple (0, 15289, 7, 9) 
match  newtuple (0, 15289, 7, 9) 
match  newtuple (0, 15289, 7, 9) 
match  newtuple (0, 1887, 19, 1) 
match  newtuple (0, 1887, 19, 1) 
match  newtuple (0, 1887, 19, 1) 
match  newtuple (0, 1887, 19, 1) 
match  newtuple (0, 1887, 19, 1) 
match  newtuple (0, 1887, 19, 1) 
match  newtuple (0, 1887, 19, 1) 
match  newtuple (0, 6784, 14, 21) 
match  newtuple (0, 6784, 14, 21) 
match  newtuple (0, 6784, 14, 21) 
match  newtuple (0, 6784, 14, 21) 
match  newtuple (0, 6784, 14, 21) 
match  newtuple (0, 6784, 14, 21) 
match  newtuple (0, 6784, 14, 21) 
match  newtuple (0, 6784, 14, 21) 
match  newtuple (0, 6784, 14, 21) 
match  newtuple (0, 6784, 14, 21) 
match  newtuple (0, 6784, 14, 21) 
match  newtuple (0, 6784, 14, 21) 
match  newtuple (0, 6784, 14, 21) 
match  newtuple (0, 24689, 7, 12) 
match  newtuple (0, 24689, 7, 12) 
match  newtuple (0, 24689, 7, 12) 
match  newtuple (0, 24689, 7, 12) 
match  newtuple (0, 24689, 7, 12) 
match  newtuple (0, 24689, 7, 12) 
match  newtuple (0, 24689, 7, 12) 
match  newtuple (0, 24689, 7, 12) 
match  newtuple (0, 9883, 18, 15) 
match  newtuple (0, 9883, 18, 15) 
match  newtuple (0, 9883, 18, 15) 
match  newtuple (0, 9883, 18, 15) 
match  newtuple (0, 14809, 11, 10) 
match  newtuple (0, 14809, 11, 10) 
match  newtuple (0, 14809, 11, 10) 
match  newtuple (0, 14809, 11, 10) 
match  newtuple (0, 14809, 11, 10) 
match  newtuple (0, 14809, 11, 10) 
match  newtuple (0, 14809, 11, 10) 
match  newtuple (0, 21099, 14, 3) 
match  newtuple (0, 21099, 14, 3) 
match  newtuple (0, 21099, 14, 3) 
match  newtuple (0, 21099, 14, 3) 
match  newtuple (0, 21099, 14, 3) 
match  newtuple (0, 21099, 14, 3) 
match  newtuple (0, 21099, 14, 3) 
match  newtuple (0, 21099, 14, 3) 
match  newtuple (0, 3759, 1, 18) 
match  newtuple (0, 5220, 17, 11) 
match  newtuple (0, 5220, 17, 11) 
match  newtuple (0, 5220, 17, 11) 
match  newtuple (0, 5220, 17, 11) 
match  newtuple (0, 5220, 17, 11) 
match  newtuple (0, 5220, 17, 11) 
match  newtuple (0, 5220, 17, 11) 
match  newtuple (0, 5220, 17, 11) 
match  newtuple (0, 5579, 11, 20) 
match  newtuple (0, 5621, 16, 17) 
match  newtuple (0, 5621, 16, 17) 
match  newtuple (0, 5621, 16, 17) 
match  newtuple (0, 5621, 16, 17) 
match  newtuple (0, 5621, 16, 17) 
match  newtuple (0, 5621, 16, 17) 
match  newtuple (0, 5621, 16, 17) 
match  newtuple (0, 5621, 16, 17) 
match  newtuple (0, 3168, 6, 19) 
match  newtuple (0, 3168, 6, 19) 
match  newtuple (0, 3168, 6, 19) 
match  newtuple (0, 22584, 17, 3) 
match  newtuple (0, 22584, 17, 3) 
match  newtuple (0, 22584, 17, 3) 
match  newtuple (0, 22584, 17, 3) 
match  newtuple (0, 22584, 17, 3) 
match  newtuple (0, 22584, 17, 3) 
match  newtuple (0, 22584, 17, 3) 
match  newtuple (0, 22584, 17, 3) 
match  newtuple (0, 7698, 14, 12) 
match  newtuple (0, 7698, 14, 12) 
match  newtuple (0, 7698, 14, 12) 
match  newtuple (0, 7698, 14, 12) 
match  newtuple (0, 7698, 14, 12) 
match  newtuple (0, 7698, 14, 12) 
match  newtuple (0, 7698, 14, 12) 
match  newtuple (0, 18604, 2, 14) 
match  newtuple (0, 18604, 2, 14) 
match  newtuple (0, 18604, 2, 14) 
match  newtuple (0, 18604, 2, 14) 
match  newtuple (0, 18604, 2, 14) 
match  newtuple (0, 18604, 2, 14) 
match  newtuple (0, 18604, 2, 14) 
match  newtuple (0, 18604, 2, 14) 
match  newtuple (0, 8555, 3, 20) 
match  newtuple (0, 19485, 15, 12) 
match  newtuple (0, 19485, 15, 12) 
match  newtuple (0, 19485, 15, 12) 
match  newtuple (0, 19485, 15, 12) 
match  newtuple (0, 19485, 15, 12) 
match  newtuple (0, 19485, 15, 12) 
match  newtuple (0, 19485, 15, 12) 
match  newtuple (0, 19485, 15, 12) 
match  newtuple (0, 2477, 21, 1) 
match  newtuple (0, 2477, 21, 1) 
match  newtuple (0, 2477, 21, 1) 
match  newtuple (0, 2477, 21, 1) 
match  newtuple (0, 2477, 21, 1) 
match  newtuple (0, 2477, 21, 1) 
match  newtuple (0, 2477, 21, 1) 
match  newtuple (0, 2477, 21, 1) 
match  newtuple (0, 8281, 12, 1) 
match  newtuple (0, 8281, 12, 1) 
match  newtuple (0, 8281, 12, 1) 
match  newtuple (0, 8281, 12, 1) 
match  newtuple (0, 8281, 12, 1) 
match  newtuple (0, 8281, 12, 1) 
match  newtuple (0, 8281, 12, 1) 
match  newtuple (0, 19081, 15, 20) 
match  newtuple (0, 19081, 15, 20) 
match  newtuple (0, 19081, 15, 20) 
match  newtuple (0, 19081, 15, 20) 
match  newtuple (0, 19081, 15, 20) 
match  newtuple (0, 23638, 14, 6) 
match  newtuple (0, 23638, 14, 6) 
match  newtuple (0, 23638, 14, 6) 
match  newtuple (0, 23638, 14, 6) 
match  newtuple (0, 7769, 11, 12) 
match  newtuple (0, 7769, 11, 12) 
match  newtuple (0, 7769, 11, 12) 
match  newtuple (0, 7769, 11, 12) 
match  newtuple (0, 7769, 11, 12) 
match  newtuple (0, 7769, 11, 12) 
match  newtuple (0, 7769, 11, 12) 
match  newtuple (0, 7769, 11, 12) 
match  newtuple (0, 22864, 4, 15) 
match  newtuple (0, 22864, 4, 15) 
match  newtuple (0, 22864, 4, 15) 
match  newtuple (0, 22864, 4, 15) 
match  newtuple (0, 1938, 3, 1) 
match  newtuple (0, 1938, 3, 1) 
match  newtuple (0, 1938, 3, 1) 
match  newtuple (0, 1938, 3, 1) 
match  newtuple (0, 1938, 3, 1) 
match  newtuple (0, 1938, 3, 1) 
match  newtuple (0, 1938, 3, 1) 
match  newtuple (0, 19433, 4, 14) 
match  newtuple (0, 19433, 4, 14) 
match  newtuple (0, 19433, 4, 14) 
match  newtuple (0, 12874, 4, 1) 
match  newtuple (0, 12874, 4, 1) 
match  newtuple (0, 12874, 4, 1) 
match  newtuple (0, 12874, 4, 1) 
match  newtuple (0, 12874, 4, 1) 
match  newtuple (0, 12874, 4, 1) 
match  newtuple (0, 12874, 4, 1) 
match  newtuple (0, 12874, 4, 1) 
match  newtuple (0, 12218, 8, 16) 
match  newtuple (0, 12218, 8, 16) 
match  newtuple (0, 12218, 8, 16) 
match  newtuple (0, 23760, 9, 12) 
match  newtuple (0, 7423, 15, 2) 
match  newtuple (0, 18846, 6, 5) 
match  newtuple (0, 18846, 6, 5) 
match  newtuple (0, 18846, 6, 5) 
match  newtuple (0, 18846, 6, 5) 
match  newtuple (0, 18846, 6, 5) 
match  newtuple (0, 18846, 6, 5) 
match  newtuple (0, 18846, 6, 5) 
match  newtuple (0, 18846, 6, 5) 
match  newtuple (0, 24195, 13, 13) 
match  newtuple (0, 24195, 13, 13) 
match  newtuple (0, 24195, 13, 13) 
match  newtuple (0, 24195, 13, 13) 
match  newtuple (0, 24195, 13, 13) 
match  newtuple (0, 24195, 13, 13) 
match  newtuple (0, 24195, 13, 13) 
match  newtuple (0, 24195, 13, 13) 
match  newtuple (0, 11030, 6, 2) 
match  newtuple (0, 11030, 6, 2) 
match  newtuple (0, 11030, 6, 2) 
match  newtuple (0, 11030, 6, 2) 
match  newtuple (0, 11030, 6, 2) 
match  newtuple (0, 11030, 6, 2) 
match  newtuple (0, 11030, 6, 2) 
match  newtuple (0, 11030, 6, 2) 
match  newtuple (0, 17345, 18, 3) 
match  newtuple (0, 17345, 18, 3) 
match  newtuple (0, 17345, 18, 3) 
match  newtuple (0, 17345, 18, 3) 
match  newtuple (0, 17345, 18, 3) 
match  newtuple (0, 17345, 18, 3) 
match  newtuple (0, 8827, 1, 14) 
match  newtuple (0, 8827, 1, 14) 
match  newtuple (0, 8827, 1, 14) 
match  newtuple (0, 8827, 1, 14) 
match  newtuple (0, 8827, 1, 14) 
match  newtuple (0, 8827, 1, 14) 
match  newtuple (0, 8827, 1, 14) 
match  newtuple (0, 8827, 1, 14) 
match  newtuple (0, 9642, 5, 4) 
match  newtuple (0, 9642, 5, 4) 
match  newtuple (0, 15858, 1, 3) 
match  newtuple (0, 15858, 1, 3) 
match  newtuple (0, 15858, 1, 3) 
match  newtuple (0, 15858, 1, 3) 
match  newtuple (0, 15858, 1, 3) 
match  newtuple (0, 15858, 1, 3) 
match  newtuple (0, 15858, 1, 3) 
match  newtuple (0, 20098, 2, 14) 
match  newtuple (0, 20098, 2, 14) 
match  newtuple (0, 20098, 2, 14) 
match  newtuple (0, 20098, 2, 14) 
match  newtuple (0, 20098, 2, 14) 
match  newtuple (0, 20098, 2, 14) 
match  newtuple (0, 20098, 2, 14) 
match  newtuple (0, 2155, 17, 9) 
match  newtuple (0, 2155, 17, 9) 
match  newtuple (0, 2155, 17, 9) 
match  newtuple (0, 2155, 17, 9) 
match  newtuple (0, 2155, 17, 9) 
match  newtuple (0, 2155, 